task,feature_set,method,silhouette_mean,silhouette_std,davies_bouldin_mean,davies_bouldin_std,calinski_harabasz_mean,calinski_harabasz_std,centroid_ratio_mean,centroid_ratio_std,mean_centroid_distance_mean,mean_centroid_distance_std,mean_within_scatter_mean,mean_within_scatter_std,nearest_centroid_balanced_accuracy_mean,nearest_centroid_balanced_accuracy_std,nearest_centroid_macro_f1_mean,nearest_centroid_macro_f1_std,binary_auc_mean,binary_auc_std,auc_ovr_3class_mean,auc_ovr_3class_std,selected_features_mean,selected_features_std
binary_acl_vs_ha,fusion_scalar_raw,rf_proba,0.6466300438933055,0.10107677296287779,0.4074986085939267,0.07808775357361149,48.1659874635412,20.214603253405592,5.143436192849007,1.6542708575730964,0.9071740579738796,0.1039588210509957,0.18772582903606672,0.05199769769368589,0.9550000000000001,0.06224949798994364,0.9467643467643467,0.08220068234630173,1.0,0.0,,,160.0,0.0
binary_acl_vs_ha,fusion_all_common,rf_proba,0.6409938531187608,0.11524788142630277,0.4151903980554053,0.0879090457818862,48.85899690919841,23.140461873461028,5.150828634387795,1.7729713504194,0.8982246210067961,0.09914446638075908,0.1888313808411699,0.061011082459719326,0.9550000000000001,0.06224949798994364,0.9467643467643467,0.08220068234630173,1.0,0.0,,,160.0,0.0
binary_acl_vs_ha,pca_raw_subject,rf_proba,0.626537368398936,0.10544132410164872,0.43853041331303644,0.09429867020693018,44.53891941346926,22.901234818934395,4.824022782028974,1.7235724156832348,0.888862263791897,0.12845542317021955,0.19648530614801793,0.051795449223078695,0.9459090909090909,0.05714451739028508,0.9329115329115328,0.07663416633516038,0.9963636363636365,0.008131156281817365,,,160.0,0.0
binary_acl_vs_ha,fusion_all_common,plsda,0.548709764805184,0.20112810802375405,0.724572443035487,0.41100512628595015,28.777024861428288,19.088592213238066,3.6578403628025136,1.4969667949452594,16.724926179283255,5.777169408842141,4.723412700414426,0.5185579426514354,0.8516666666666666,0.15946960699630372,0.8540215822824517,0.16252246198175144,0.9800000000000001,0.04472135954999574,,,160.0,0.0
binary_acl_vs_ha,fusion_scalar_raw,plsda,0.5473288811153341,0.19977906763438533,0.7267548073218991,0.40870096875135375,28.288892656137893,18.508886443236722,3.6370476552684408,1.4738040346270185,16.75665032825716,5.804438796270627,4.748888083084479,0.5007299391159705,0.8516666666666666,0.15946960699630372,0.8540215822824517,0.16252246198175144,0.9800000000000001,0.04472135954999574,,,160.0,0.0
binary_acl_vs_ha,pca_raw_subject,plsda,0.5381490729027559,0.20181330647927084,0.7349730646854361,0.4124772651713959,27.328087823610247,17.729891687272954,3.5785991259891903,1.4386041747119362,16.769892826357093,5.867404330606187,4.8171968247703365,0.4723911476199494,0.8516666666666666,0.15946960699630372,0.8540215822824517,0.16252246198175144,0.9763636363636363,0.04340849595023022,,,160.0,0.0
binary_acl_vs_ha,fusion_all_common,pca,0.5294591457148504,0.2122294281397357,0.765651319897166,0.42925036141048273,25.680391514137312,17.619552295042567,3.4387476179442578,1.4041033874118962,16.977422799884387,6.126607143870863,5.054013809048266,0.4016739525672371,0.8516666666666666,0.15946960699630372,0.8540215822824517,0.16252246198175144,0.9800000000000001,0.04472135954999574,,,160.0,0.0
binary_acl_vs_ha,fusion_scalar_raw,pca,0.5293648912231552,0.21212852007845084,0.7656406376823812,0.42920905971802,25.732636393858456,17.70361214985763,3.4418194785219045,1.407289233058808,17.00791729398384,6.153269274214194,5.057720408294704,0.3986755597567598,0.8516666666666666,0.15946960699630372,0.8540215822824517,0.16252246198175144,0.9800000000000001,0.04472135954999574,,,160.0,0.0
binary_acl_vs_ha,scalar_pivot,rf_proba,0.5273027948099506,0.20593573429978926,0.5776448090838966,0.26023632237037675,36.29010096107604,30.044867695864475,4.1008863923298815,1.6705182786139239,0.44561597465521474,0.06459248851975738,0.12038909284959871,0.037212651189529544,0.8833333333333334,0.12472191289246472,0.8947680097680097,0.12034056809290011,0.966,0.042190046219457926,,,160.0,0.0
binary_acl_vs_ha,pca_raw_subject,pca,0.5265852758498392,0.21306395570316417,0.7690527308478242,0.4327375645783217,25.740142089195075,18.027068594797992,3.433220679866783,1.4159074961365503,17.038581802598223,6.213681826757632,5.0794421373254846,0.39831143173592176,0.8316666666666667,0.14147045235274003,0.8381485664094359,0.14792065257854953,0.9763636363636363,0.04340849595023022,,,160.0,0.0
binary_acl_vs_ha,fusion_all_common,nca,0.5215781326193503,0.1809358912183386,0.7493119445737104,0.37573289388104636,23.56799065644655,14.863150318231062,3.359320548751036,1.2605304685517758,19.62804380832634,7.417060902432691,5.857449695686968,0.8926138287633049,0.8316666666666667,0.14147045235274003,0.8381485664094359,0.14792065257854953,0.9723636363636364,0.04156842412574138,,,160.0,0.0
binary_acl_vs_ha,pca_raw_subject,nca,0.5148660801029974,0.1600600158780116,0.7527413429983811,0.324874828294914,20.331377371703788,10.372767742438118,3.2218814611228526,1.0407066618536804,21.288375110978738,8.161495676279362,6.667416151550222,1.690112431509781,0.8233333333333335,0.13312483698477243,0.8258297258297258,0.1404425293795282,0.9883636363636364,0.010648400337706358,,,160.0,0.0
binary_acl_vs_ha,fusion_scalar_raw,nca,0.5115043898869441,0.1725510166858923,0.7663180893594165,0.36385622649680316,21.87712186692686,13.940804218653065,3.25484890499789,1.2076712563815486,20.30114863528697,8.292995765607538,6.201193793728967,1.1667294574112532,0.8433333333333334,0.1534781924429512,0.8417027417027416,0.15730854435793612,0.9723636363636364,0.04156842412574138,,,160.0,0.0
binary_acl_vs_ha,fusion_scalar_cycle,rf_proba,0.22056585641585968,0.256683234304261,1.4983281178082393,0.9875079782333058,7.469550272491523,6.815717787273269,1.8705452360888368,1.1596793673722996,0.3378559484249263,0.16666982720434492,0.1859182356517553,0.04008630690767979,0.74,0.11864395850142934,0.7315976304397357,0.122594130970698,0.7473333333333334,0.13386145408178143,,,160.0,0.0
binary_acl_vs_ha,pca_slim_subject,rf_proba,0.2090237905527678,0.15530168557000246,1.2462974695792668,0.24529916076723118,5.756331643206256,2.4227053083853507,1.7078194053676305,0.4430368657944605,0.21228676554527098,0.03787318721003789,0.1270620082868988,0.014155875616411621,0.6966666666666667,0.07397447007057381,0.706052281052281,0.09096370927472001,0.8113333333333334,0.0728621224566571,,,160.0,0.0
binary_acl_vs_ha,scalar_pivot,nca,0.16439655090483601,0.18884884143383132,2.6741710279683484,3.3521726099311566,5.967958668985823,4.656834560285868,1.4203345172492712,0.8176681056356443,5.890369507472841,2.2742903886384407,5.923472055324917,4.326380889558741,0.8233333333333335,0.11583033569262699,0.799130693867536,0.12158656735294265,0.898,0.07309050705955068,,,160.0,0.0
binary_acl_vs_ha,fusion_all_common,lda,0.15831034359923252,0.14518969761151462,2.0254744190791123,1.9645083955438967,4.791469597904101,3.8320950658563397,1.5402243196933887,0.8363421483817045,15.08038452585048,5.979965843982413,11.628572579398616,4.38388284434421,0.7051515151515152,0.15429495444123859,0.7009782030834663,0.15438305111426748,0.8007878787878788,0.13066872573854116,,,160.0,0.0
binary_acl_vs_ha,scalar_pivot,plsda,0.15469346341608733,0.13261696386107505,1.5327871841650087,0.7040200536220709,5.642302396042987,3.916825585411883,1.4383332688036696,0.5763219982144697,5.297641300637922,1.3962364847057518,4.437059814797049,2.9699602499878184,0.8016666666666667,0.09361564446655746,0.7720335021613793,0.09113787935819448,0.842,0.09549869109050667,,,160.0,0.0
binary_acl_vs_ha,fusion_scalar_cycle,lda,0.1525881920114604,0.21091449735040907,4.894331429024641,7.362595381180351,6.039165474268181,9.266541424443151,1.4648597563078607,1.4026134970072948,4.729150171699859,3.8205408002838097,3.3931279694013967,0.6528805631003147,0.6849999999999999,0.1974138349311472,0.651828591085557,0.221918060361155,0.7433333333333334,0.18010799229598023,,,160.0,0.0
binary_acl_vs_ha,pca_slim_subject,plsda,0.15112478869290838,0.14070278766039834,1.2770378404657696,0.32515282029359527,5.653707600953704,3.257238477425113,1.5419498891265842,0.43612473118583817,3.6266361388638915,0.6290152439731462,2.5217949530393087,0.9821513129861693,0.755,0.05257270098529171,0.7187130967774392,0.08380452957913842,0.8653333333333334,0.04658325879540847,,,160.0,0.0
binary_acl_vs_ha,pca_slim_subject,lda,0.14683224009757045,0.17702558529230933,1.3078007683100341,0.7334190727408899,6.499816515617518,5.05231716737318,1.7199849801694675,0.6723962948304621,2.3726424178262038,1.0129119736231136,1.4104436191413128,0.33153592222393236,0.7416666666666667,0.1274754878398196,0.7301921470342523,0.1329802566974371,0.8146666666666667,0.1378727271395213,,,160.0,0.0
binary_acl_vs_ha,scalar_pivot,lda,0.14173189493738853,0.11842154879714312,1.5872146960154512,0.7428390035037196,4.4216820233753396,3.773072826114255,1.435600584762044,0.592292878507339,2.941649261281512,1.6885657069103963,2.0058562316031003,0.6492699059953486,0.7433333333333334,0.1282088140495809,0.7377777777777779,0.1284493222833882,0.784,0.1344618905117729,,,160.0,0.0
binary_acl_vs_ha,scalar_pivot,pca,0.12465114721987143,0.11304428779228005,1.5097671471702854,0.4486710385994263,5.0192156298547435,3.0033641046961836,1.3945857327500981,0.46443755021088057,5.362813797828224,1.6220018099132698,4.029346094116378,1.3491941662380071,0.7433333333333334,0.10839741694339403,0.7163875340345929,0.09484861918923171,0.8640000000000001,0.07495924818785797,,,160.0,0.0
binary_acl_vs_ha,fusion_scalar_raw,lda,0.1226343053787323,0.13271548836695263,2.063496843219736,1.9428459313712807,3.999166679989416,2.953840112717197,1.4362792364594044,0.7829248062076356,15.191715900783132,6.050779068825304,12.27424247090995,4.052605853887963,0.7084848484848485,0.15478516762771247,0.6953738074790706,0.15417964142823734,0.7857878787878787,0.11963358505876545,,,160.0,0.0
binary_acl_vs_ha,pca_raw_subject,lda,0.1201447555484775,0.11751012399752989,2.886499245865232,3.4433498965631393,4.2040118721632815,3.268675173913934,1.3088855281422913,0.7093456296082629,21.01922148034625,13.515059934618533,17.43288971583619,9.281457124548645,0.6975757575757576,0.12564617190441277,0.6934306921149027,0.12839508070000857,0.7256666666666667,0.14128183023855387,,,160.0,0.0
binary_acl_vs_ha,pca_cycle_subject,rf_proba,0.10308888311820308,0.22873755810065013,2.3726112784400577,0.8522948312138603,2.9915662400293916,3.8589438430926766,1.0696691656648287,0.7636976886150564,0.21917377827961051,0.10665045238647386,0.22378852097498703,0.049188097367319654,0.6316666666666666,0.2116732282447536,0.6180066991831697,0.2282730119400209,0.6413333333333334,0.160858806272941,,,160.0,0.0
binary_acl_vs_ha,pca_cycle_subject,nca,0.1015130848829026,0.10475737899186283,14.227065409588416,26.519557765227635,1.9580579510856175,1.7797786069916053,0.8067051567364576,0.5556376269783186,6.575569912160944,4.644749719268686,8.035566927630523,1.254796086908326,0.5916666666666667,0.18008485654145262,0.5512985279404043,0.1918994345817508,0.6086666666666667,0.17819465012545507,,,160.0,0.0
binary_acl_vs_ha,fusion_scalar_cycle,nca,0.08342208522321,0.08406688992663262,2.3587390666768884,1.179731137284837,2.3581996334527155,1.1144570424662084,0.9783697156412577,0.3077391068729169,7.748128310334224,3.0239198503903584,7.758353084351375,1.0193563200102629,0.6366666666666667,0.1440486029088794,0.6055555555555555,0.15209443135559808,0.6300000000000001,0.17941262187730525,,,160.0,0.0
binary_acl_vs_ha,fusion_scalar_cycle,pca,0.07444245435654866,0.07566612368001718,2.1063450231658623,0.5409141034950792,2.411491366563048,1.0045943662076742,1.000729572277596,0.23986945808192736,6.380036588853391,1.7660799288980331,6.337815917401757,0.45647226035028093,0.665,0.09902300518341967,0.6344481524667283,0.11634092930689624,0.6306666666666667,0.1654354523337996,,,160.0,0.0
binary_acl_vs_ha,pca_slim_subject,nca,0.06964276755060084,0.1390230294128824,2.3303605457682055,1.30437993633552,2.939048715865604,2.5113998851062287,1.0483198478188558,0.499067557468977,4.165363674411095,1.5032097344014574,4.350119278968548,1.38956486534229,0.5433333333333333,0.2673428925971704,0.5312685805093935,0.25692435384808354,0.5546666666666666,0.30395175055700313,,,160.0,0.0
binary_acl_vs_ha,fusion_scalar_cycle,plsda,0.06888877026426507,0.13790416101883718,2.0357549892668763,0.802580677067649,2.8298870161714063,1.8537016612175563,1.073682626240475,0.3960304765490867,5.821444143821195,2.7378856414660286,5.2440365433551905,0.8488420907013712,0.6933333333333334,0.13062350477613136,0.6634005334191093,0.15223030791089323,0.6653333333333333,0.16402235619979777,,,160.0,0.0
binary_acl_vs_ha,pca_cycle_subject,pca,0.063350575212174,0.08173734150206034,2.286002619571634,0.6029282038684173,2.07243312477141,1.1053855972521265,0.9278641204614321,0.25651156989345114,6.169597251754964,1.8547720159024161,6.629444734702076,0.5250134779922649,0.5883333333333333,0.19271452692749677,0.5548733103841463,0.19620392346849336,0.6053333333333333,0.21297626367482572,,,160.0,0.0
binary_acl_vs_ha,pca_cycle_subject,plsda,0.0339163044591713,0.12724782823035208,2.0531273148474622,0.4754737752611125,2.0806832914617974,0.9033329550206772,0.9791457341935385,0.2381497284643745,5.599486833319392,1.6199573890684507,5.7559504241789465,1.0815884021345623,0.5966666666666667,0.22527760652137618,0.5716047694995063,0.2204494285645478,0.626,0.20391174561559713,,,160.0,0.0
binary_acl_vs_ha,pca_slim_subject,pca,0.021259205589176107,0.12280065267917113,4.243498643485127,2.4305478388573443,0.766710083529295,0.6567234205688917,0.5680020848333948,0.2375343610413465,1.8273729453759777,1.2063364970448505,3.182661570381719,1.9097643363486547,0.48,0.125637264464896,0.4273451256345993,0.1677565325332607,0.39666666666666667,0.22671568097509265,,,160.0,0.0
binary_acl_vs_ha,pca_cycle_subject,lda,-0.018877981440236925,0.07976673193935148,38.22016474314446,57.60538032184997,1.7433325340625512,2.34113281967746,0.7262483956904029,0.7534562141526631,2.953147347151386,3.1205709528003864,4.800945165583508,2.5915244811169296,0.585,0.17082317042941092,0.5553081232492997,0.18179166774265218,0.621,0.1808452377034021,,,160.0,0.0
multiclass_3group,scalar_pivot,rf_proba,0.15105491528836504,0.1076737041236912,1.4205390359507202,0.32149538013471585,11.731035875108219,6.135504373115559,2.453403595595751,0.7129699993808045,0.3261347603919534,0.046767405493576227,0.13911268777474245,0.028666497110217227,0.7222222222222223,0.0955813918560292,0.7203607503607504,0.10145964864634517,,,0.8736565656565656,0.05092684474781214,160.0,0.0
multiclass_3group,fusion_all_common,rf_proba,0.1421493541906905,0.09210752649201145,4.6392556604140625,4.484613235845883,12.365081840283528,7.797908996049316,2.477080875346901,0.7782477609464198,0.5276614843290779,0.09128271542572061,0.2203094767800125,0.039846727774699185,0.6466666666666667,0.08620962107231481,0.6344710844710846,0.11009360846152982,,,0.8490101010101011,0.03945258519958766,160.0,0.0
multiclass_3group,fusion_scalar_raw,rf_proba,0.140840586390263,0.09256451981854338,5.5438811889599915,6.492603192612493,12.316652070778554,7.824014098202411,2.464310556671063,0.7861232951152227,0.5255475464305457,0.09039093161555443,0.2209329663415546,0.04074990806735811,0.6466666666666667,0.08620962107231481,0.6344710844710846,0.11009360846152982,,,0.8480000000000001,0.0403324112546286,160.0,0.0
multiclass_3group,pca_raw_subject,rf_proba,0.13361844068496104,0.12675829766165017,3.326851569922263,2.2700767527209442,12.897682775890235,11.739230338597123,2.4583725664048415,1.0530512453919372,0.5368079714106497,0.10824499795230137,0.23182028380675762,0.04718047027825653,0.6488888888888888,0.1355373393953503,0.6310800310800311,0.15343487477065573,,,0.8387272727272727,0.06882130337908489,160.0,0.0
multiclass_3group,fusion_all_common,plsda,0.08237995652763952,0.13852012601440067,2.731763440576912,1.3669645334500495,15.085746408068434,13.173920041670737,2.7052620618986483,1.2751728703665137,11.609541651419901,3.861995560938029,4.563765610466297,0.8867153723999298,0.6155555555555556,0.11642832797715323,0.6096821696821697,0.11996911049916063,,,0.8052121212121213,0.10422709541981418,160.0,0.0
multiclass_3group,fusion_scalar_raw,plsda,0.08192688990941066,0.13785990690687144,2.7202566719297363,1.3484012639189813,15.128258318612675,13.259997082121497,2.7054132122428056,1.2754207224557883,11.617721255696392,3.8731244028725142,4.5655090617948595,0.8843759314746659,0.6155555555555556,0.11642832797715323,0.6096821696821697,0.11996911049916063,,,0.8062222222222223,0.10477434563729852,160.0,0.0
multiclass_3group,pca_raw_subject,plsda,0.07775935767257332,0.13416345600914287,2.7862755367803844,1.3694848825098178,15.171799057792324,13.740469485650257,2.697569369250963,1.3065812075965946,11.660885695625955,4.0001178104213055,4.610441628880851,0.9179146057347691,0.6177777777777778,0.12804320258567056,0.6125189625189625,0.1344332748537595,,,0.7964848484848485,0.09435474593144622,160.0,0.0
multiclass_3group,fusion_scalar_raw,pca,0.07649333571115076,0.12845998527224148,4.2994826912982465,3.323955468654347,11.673177709145534,8.211193215525771,2.3750005262864278,0.9929489117507306,11.68801605669618,4.245181866306772,5.063265249860875,0.6686199893633559,0.5800000000000001,0.1725623880739305,0.5793221593221594,0.16621680584162876,,,0.7830505050505051,0.1123373655812896,160.0,0.0
multiclass_3group,fusion_all_common,pca,0.0764694621761866,0.12842768119059877,4.3518478030116,3.3625954891135197,11.621101423472776,8.12011531167377,2.371669881430948,0.9886793792173689,11.676977290253927,4.2294981732700405,5.064791726538827,0.6680595375640634,0.5800000000000001,0.1725623880739305,0.5793221593221594,0.16621680584162876,,,0.7830505050505051,0.1123373655812896,160.0,0.0
multiclass_3group,pca_raw_subject,pca,0.07520617820315408,0.12769743565610708,4.241512267094754,3.24397620191077,11.886021372695586,8.800474867517112,2.3908755045373438,1.032604852688627,11.736904489121896,4.3662630075115,5.0659578072866225,0.7112250609483934,0.5933333333333334,0.19493588689617927,0.5932615532615533,0.19015988006421877,,,0.7811313131313131,0.11278252510737174,160.0,0.0
multiclass_3group,scalar_pivot,plsda,-0.013804690447251106,0.1722226979786001,2.4915451063728904,1.4096748346994117,3.4454552641714153,2.6825879934958845,1.3642987515444922,0.44124922503881747,14.447624155308205,21.866243636302503,12.060736896285794,18.430158279451067,0.5844444444444444,0.05533288710217212,0.5532504532504532,0.07590803389285264,,,0.7992727272727272,0.05478149451793191,160.0,0.0
multiclass_3group,pca_slim_subject,plsda,-0.015047170270493243,0.06260343476329062,2.031306825032334,0.6336822941463823,3.3135916110093726,0.8413051065301798,1.348787738615401,0.18330161136536227,3.400298627031438,1.2548549239681785,2.465616332828015,0.5577643453224219,0.5911111111111111,0.07345108391572629,0.5618756189344425,0.11534542145633199,,,0.7914747474747474,0.08052870265837914,160.0,0.0
multiclass_3group,fusion_scalar_cycle,rf_proba,-0.015995487278166236,0.14445667227989498,2.547566249596836,1.089476863687349,3.574743081060062,2.2584026833948996,1.3591094339990886,0.5334529315021591,0.26161736166559985,0.09642080736933141,0.1936046950522356,0.03397909540104861,0.5755555555555556,0.13342589379802738,0.5526780626780627,0.16598432931681664,,,0.7636161616161616,0.08791606082882696,160.0,0.0
multiclass_3group,pca_slim_subject,rf_proba,-0.019081488604616482,0.0778484135661257,2.3512872970917917,1.2472770242323081,3.938726984519697,1.5021340353964538,1.4077630517531234,0.3286728965518635,0.18634547689663922,0.031153944342779127,0.1349326291247356,0.018988248845840095,0.6155555555555555,0.0700969346470556,0.5991536241536242,0.10016619480502457,,,0.7867878787878787,0.06021936398531659,160.0,0.0
multiclass_3group,fusion_scalar_cycle,pca,-0.0557106067616686,0.08517090131255774,3.1402422180797602,0.9613196083014406,1.5330425032815094,0.793003530934285,0.9461188165024925,0.24363323714321347,5.773083191126647,1.457729621516463,6.275247941522226,1.7207241521908474,0.4177777777777777,0.2718932252299162,0.38570244570244566,0.27826919401827294,,,0.6013939393939394,0.16593928203383893,160.0,0.0
multiclass_3group,pca_raw_subject,lda,-0.05907359939054543,0.07655506662583474,7.71441707840758,11.66550592146819,1.8032526412909722,0.8746494621412261,1.0319858813952933,0.3029017676365359,39.554347522494666,21.143055137829396,47.797829058183765,41.307199447985305,0.3844444444444445,0.15428048851297585,0.33341880341880337,0.1612650625598483,,,0.5832727272727273,0.09988243267515272,160.0,0.0
multiclass_3group,scalar_pivot,pca,-0.06130147007068504,0.1419432578370757,2.8878190809600834,1.006145682775683,2.737978139516253,2.1829345603650574,1.1948009173248908,0.4427358260462726,7.1342961501421795,6.406774101145769,6.671747204524751,6.3579164413991345,0.5777777777777777,0.1062840359428278,0.5461908461908462,0.10587083106283114,,,0.7747070707070707,0.07675629899735827,160.0,0.0
multiclass_3group,pca_raw_subject,nca,-0.062126105615684504,0.07695360548472263,7.803248513081425,11.617791607955695,1.744910072674282,0.8589424891947677,1.0145196004101518,0.2962695974816614,39.272691036158804,21.524604470376694,47.77651470357082,41.32827981191906,0.3711111111111111,0.13779569775935555,0.3223076923076923,0.14283486509497242,,,0.5824242424242424,0.09733527468702247,160.0,0.0
multiclass_3group,fusion_scalar_cycle,plsda,-0.06213820443859734,0.06482968104147328,3.2128244510621657,0.9200381877012493,1.5313764320463563,0.5285684533650531,0.9635998802176051,0.1690125841435701,5.373335893682591,1.8000574335832302,5.5687733421245165,1.5602471749893614,0.49777777777777776,0.2058406431450562,0.47548599548599546,0.21231426850517882,,,0.6300000000000001,0.1391568764438393,160.0,0.0
multiclass_3group,pca_cycle_subject,lda,-0.06309696999217243,0.04220534486238988,2.6922799183429422,0.5034868182423419,1.884142696086841,0.9670552750888037,1.010569871513615,0.21406910690985168,5.885614487964295,2.0402647033895605,5.761758529254373,1.0036076608178932,0.3822222222222222,0.08978712822594188,0.37212842712842714,0.09763279009397403,,,0.5898989898989899,0.1073247415223656,160.0,0.0
multiclass_3group,pca_cycle_subject,pca,-0.06348648330321569,0.08649770367992499,3.3324053771806113,1.0146770939362069,1.3965664005859164,0.8078302094631842,0.899352161078719,0.2620358264954252,5.76901544034372,1.360605729269237,6.640429734217148,1.7784216214510777,0.4133333333333333,0.2588435821108957,0.3847330447330447,0.26042387192296007,,,0.589939393939394,0.1708902042003687,160.0,0.0
multiclass_3group,pca_cycle_subject,nca,-0.06458080711942574,0.046949802228009596,2.90354808106937,0.8086706126188424,1.8300679600163083,1.0282152347240225,0.9882269454123683,0.24712129317206938,5.896222944868487,2.068884723200492,5.940801109715577,1.0200388830082687,0.35777777777777775,0.1043498389499902,0.3475537425537426,0.11438487270615814,,,0.5972323232323232,0.1086089616014671,160.0,0.0
multiclass_3group,pca_slim_subject,lda,-0.06736444281247232,0.04934408003846835,4.586825082929784,2.8612226335492026,2.2212200689323005,0.7901159084073603,1.0871783610552688,0.2727517424900998,2.916563994956215,1.2952156417104659,2.6141188603945738,0.6629391639507498,0.5511111111111111,0.07601169500660918,0.5312493062493063,0.11383595117730097,,,0.7001010101010101,0.03624841453597389,160.0,0.0
multiclass_3group,pca_slim_subject,nca,-0.06787471397945194,0.08000121985403119,4.46562176982119,3.014512890115819,2.3581455182002475,1.366495255524729,1.0701861451889034,0.33466553697251095,4.216538895474326,1.8795215964505676,3.8369248548146664,1.0742265348615871,0.5377777777777778,0.10110500592068734,0.5220971620971622,0.12546894827036376,,,0.701959595959596,0.06338653863619251,160.0,0.0
multiclass_3group,pca_cycle_subject,plsda,-0.08618978959429299,0.057441910281133456,3.6241902336555873,1.0672763195621897,1.1784644941913864,0.41599820238383506,0.8479771916716066,0.14636109461141972,5.114547183480451,1.627245225532295,6.019913325408151,1.606117238224085,0.43111111111111117,0.22965352324913443,0.41362510783563416,0.21939713213673484,,,0.6078787878787879,0.1539360302132563,160.0,0.0
multiclass_3group,pca_cycle_subject,rf_proba,-0.0883654006553864,0.1022144485271612,4.542756548836423,2.5355176691564543,1.5862142703533202,1.5225249102480527,0.8488188566475248,0.4759712200397344,0.1896433045215245,0.09392353319111403,0.22681323547801044,0.0376208804843833,0.49777777777777776,0.14956727707078973,0.46319615025497374,0.17414191126421377,,,0.644969696969697,0.12986158485596874,160.0,0.0
multiclass_3group,scalar_pivot,nca,-0.10134071985689626,0.15308968723734281,3.075083485917429,0.8815451864080388,1.4518998109417844,0.8946305604138848,1.022174594774576,0.2650881721436672,43.23307421246053,86.11056793690662,36.62142774383299,71.02186574195918,0.5733333333333334,0.07140564005804281,0.5623387723387723,0.07033023175646834,,,0.7526060606060606,0.07365743556837105,160.0,0.0
multiclass_3group,fusion_all_common,nca,-0.10629252368215332,0.07301873569201396,3.6754201658155368,2.1964467198970836,1.5719715171812583,0.9748276600807917,0.949832117704845,0.29283731042659394,32.356013170356455,26.21993203896281,44.10434924315812,45.61643611926369,0.4177777777777778,0.16861820413416845,0.3844925444925445,0.17720637940237477,,,0.619979797979798,0.14029041983601567,160.0,0.0
multiclass_3group,fusion_all_common,lda,-0.10904159169585717,0.06443080601318764,3.7099237128696267,2.1730315077090507,1.5686475590578977,0.931155724272042,0.9483998933769563,0.28061295185985285,32.416540364941135,26.186432512044423,44.11517661644443,45.60568172711789,0.4311111111111111,0.16280716458284683,0.3929773929773929,0.1744125917500623,,,0.6206666666666667,0.1437995351010426,160.0,0.0
multiclass_3group,fusion_scalar_cycle,lda,-0.1116596849582185,0.05054007038422871,4.461028367144976,3.128816702215616,1.7378081635535554,0.904541572976926,0.9211845544315075,0.3516855722908296,6.133510436525848,3.27861123536954,6.4685395916175805,1.8017700400784915,0.48666666666666664,0.14019386929411115,0.47690235690235694,0.15315694848039144,,,0.6378383838383839,0.08593643529453339,160.0,0.0
multiclass_3group,fusion_scalar_cycle,nca,-0.11610586164402244,0.05317659507006214,6.927595927383756,8.456783595645101,1.6753849430628485,0.8812876435878314,0.9010645940921809,0.3678097517829391,6.0864389194075486,3.274905477644362,6.647346533820842,1.6750893722372828,0.45999999999999996,0.14177011473543627,0.452970732970733,0.15074104488250537,,,0.6405454545454546,0.07929568289627847,160.0,0.0
multiclass_3group,scalar_pivot,lda,-0.11928487503533111,0.13951120399116732,3.2819083754156466,1.0189365885151012,1.4057615427215366,0.9188770204661022,0.9882589483157422,0.27781272034441246,40.399988298552515,80.65183185458007,34.42606950294355,66.60718399240908,0.5466666666666666,0.11925695879998877,0.5385677285677286,0.1183554325500981,,,0.7180202020202021,0.06590050255588852,160.0,0.0
multiclass_3group,pca_slim_subject,pca,-0.12146175872247547,0.030867559316676736,7.704305858869617,4.879293727845852,0.681335319439189,0.2691984016711007,0.6403745776841878,0.21520273611819687,2.179452656434639,2.2522829352807863,2.9584019578680505,1.931190061291546,0.3377777777777778,0.09956696363208822,0.26119883040935676,0.10434122096192991,,,0.4891111111111111,0.09869644195370465,160.0,0.0
multiclass_3group,fusion_scalar_raw,lda,-0.1231474971834348,0.04064052070583913,3.8635913613806423,2.0213569665184457,1.5892638234536216,0.9589325963339783,0.9179075038073012,0.24186456022570774,32.94210807036259,25.660163661929964,44.80921643261121,44.9462656243658,0.39555555555555555,0.11347485717054918,0.35533910533910534,0.12379625774462664,,,0.6043030303030303,0.1169118853663052,160.0,0.0
multiclass_3group,fusion_scalar_raw,nca,-0.12379348751684423,0.04216233236475657,3.8527774161241566,2.0207643691090693,1.568904882615118,0.9704651346492804,0.9112507412299742,0.2409959463880213,32.8069849788386,25.773117533835055,44.790806082010214,44.96326982865664,0.3822222222222222,0.11669311869436552,0.34685425685425686,0.12453703967855705,,,0.6026060606060606,0.11285130391007751,160.0,0.0
