task,feature_set,method,fold,n_train,n_test,n_train_identities,n_test_identities,identity_overlap,input_features,selected_features,silhouette,davies_bouldin,calinski_harabasz,centroid_ratio,mean_centroid_distance,mean_within_scatter,nearest_centroid_balanced_accuracy,nearest_centroid_macro_f1,binary_auc,auc_ovr_3class,runtime_sec,status
binary_acl_vs_ha,scalar_pivot,pca,1,62,17,41,11,0,864,160,0.0020768259266690826,2.0922149722463375,2.3377010723927873,0.9287415819841588,3.242711141441171,3.491510668138127,0.6333333333333333,0.6136363636363636,0.7833333333333333,,0.014,ok
binary_acl_vs_ha,scalar_pivot,pca,2,62,17,41,11,0,864,160,0.04763176395096441,1.7648585694338657,2.3474859787144404,1.0537748200824812,6.044252165561807,5.735810014030047,0.6333333333333333,0.6136363636363636,0.8166666666666667,,0.021,ok
binary_acl_vs_ha,scalar_pivot,pca,3,64,15,42,10,0,864,160,0.2970439434226081,0.8969021982007013,9.655489387854194,2.1200177876316513,5.698804359561624,2.6880927097918197,0.85,0.7963800904977376,0.9800000000000001,,0.028,ok
binary_acl_vs_ha,scalar_pivot,pca,4,64,15,42,10,0,864,160,0.13231976020741684,1.4030418164848424,5.371936385786569,1.4282745793510714,4.357948291540832,3.0511978260656583,0.85,0.7963800904977376,0.8799999999999999,,0.035,ok
binary_acl_vs_ha,scalar_pivot,pca,5,64,15,42,10,0,864,160,0.14418344259169874,1.3918181794856803,5.383465324525723,1.4421198947011282,7.470353031035687,5.180119252556237,0.75,0.7619047619047619,0.86,,0.041,ok
binary_acl_vs_ha,scalar_pivot,lda,1,62,17,41,11,0,864,160,0.3021495308190559,1.0606478809334674,10.305977651549792,2.1289404744320706,2.8023914883856134,1.3163315377021976,0.8583333333333334,0.8583333333333334,0.9,,0.007,ok
binary_acl_vs_ha,scalar_pivot,lda,2,62,17,41,11,0,864,160,0.21811091272899913,0.9715107229125054,5.72251325004324,1.8273666685537138,5.423893769654537,2.9681474785502835,0.8583333333333334,0.8583333333333334,0.8999999999999999,,0.013,ok
binary_acl_vs_ha,scalar_pivot,lda,3,64,15,42,10,0,864,160,0.04820632506434816,2.3596150302090035,1.016823414710966,0.766064190850189,1.2811412727109424,1.6723680443659865,0.75,0.7222222222222222,0.6199999999999999,,0.02,ok
binary_acl_vs_ha,scalar_pivot,lda,4,64,15,42,10,0,864,160,0.017576134689199645,2.437683841994633,1.5597091448610196,0.8854603304412622,1.5435488138315114,1.7432162241105664,0.55,0.55,0.6599999999999999,,0.027,ok
binary_acl_vs_ha,scalar_pivot,lda,5,64,15,42,10,0,864,160,0.1226165713853398,1.1066160040276465,3.50338665571168,1.5701712595329855,3.6572709618249557,2.3292178732864683,0.7,0.7,0.8400000000000001,,0.034,ok
binary_acl_vs_ha,scalar_pivot,plsda,1,62,17,41,11,0,864,160,0.06360262820158681,1.9134573971126547,2.854413376500001,1.030390281648269,3.245057456788008,3.149347887479136,0.7333333333333334,0.6886446886446886,0.7499999999999999,,0.007,ok
binary_acl_vs_ha,scalar_pivot,plsda,2,62,17,41,11,0,864,160,-0.03072795453069362,2.590332917766459,0.4048370899213627,0.6387490915213707,6.161042376767352,9.645481235977963,0.675,0.6640316205533596,0.8,,0.014,ok
binary_acl_vs_ha,scalar_pivot,plsda,3,64,15,42,10,0,864,160,0.2824109635834586,0.9322380704559137,9.305329255143581,1.9584134570850236,5.368177098377281,2.741084666752381,0.9,0.8611111111111112,0.9800000000000001,,0.021,ok
binary_acl_vs_ha,scalar_pivot,plsda,4,64,15,42,10,0,864,160,0.24110530646771713,1.051655876420424,9.094293893967151,1.871669173482932,4.806088339486495,2.567808674512169,0.85,0.7963800904977376,0.9,,0.027,ok
binary_acl_vs_ha,scalar_pivot,plsda,5,64,15,42,10,0,864,160,0.2170763733583678,1.1762516590695913,6.552638364682838,1.6924443402807525,6.907841231770478,4.081576609263596,0.8500000000000001,0.8500000000000001,0.78,,0.034,ok
binary_acl_vs_ha,scalar_pivot,nca,1,62,17,41,11,0,864,160,0.08515702883699994,1.5601120001041926,3.84095664809068,1.2180029637067,4.5797725114668,3.7600668043773555,0.7333333333333334,0.6886446886446886,0.8333333333333334,,0.016,ok
binary_acl_vs_ha,scalar_pivot,nca,2,62,17,41,11,0,864,160,-0.09589937466568271,8.645036020252833,0.029937045866286118,0.18718268592609297,2.5246434471237036,13.48759066381028,0.7333333333333334,0.6886446886446886,0.8166666666666667,,0.024,ok
binary_acl_vs_ha,scalar_pivot,nca,3,64,15,42,10,0,864,160,0.39792232837467195,0.7924598510872307,12.09907581604374,2.346225119407254,7.324486624694185,3.1218174948807254,0.95,0.9282296650717703,0.9800000000000001,,0.032,ok
binary_acl_vs_ha,scalar_pivot,nca,4,64,15,42,10,0,864,160,0.28247578606293,0.9751323780960287,8.871351879550673,1.9257373909435767,7.1045516577304255,3.689262975908321,0.95,0.9282296650717703,0.96,,0.04,ok
binary_acl_vs_ha,scalar_pivot,nca,5,64,15,42,10,0,864,160,0.15232698591526095,1.3981148903014575,4.998471955377734,1.4245244262627323,7.918393296349092,5.558622337647907,0.75,0.7619047619047619,0.9,,0.048,ok
binary_acl_vs_ha,scalar_pivot,rf_proba,1,62,17,41,11,0,864,160,0.22144019787164065,0.9400991029544845,9.462209609370731,2.0285734520410132,0.3369450836837088,0.16609952345807222,0.7166666666666667,0.7166666666666667,0.9,,0.169,ok
binary_acl_vs_ha,scalar_pivot,rf_proba,2,62,17,41,11,0,864,160,0.464827783266892,0.7155240437712794,21.596794047329706,3.355251649375276,0.4980478485922258,0.14843829931056252,0.8,0.8365384615384616,0.95,,0.333,ok
binary_acl_vs_ha,scalar_pivot,rf_proba,3,64,15,42,10,0,864,160,0.5968298611584759,0.4838585149077724,35.97407097159428,3.976246790346719,0.4379329503261015,0.11013726597385441,1.0,1.0,1.0,,0.497,ok
binary_acl_vs_ha,scalar_pivot,rf_proba,4,64,15,42,10,0,864,160,0.7832565721383727,0.25380631401974013,87.20763646936577,6.56392803427871,0.4738185518609749,0.07218521430865159,1.0,1.0,1.0,,0.647,ok
binary_acl_vs_ha,scalar_pivot,rf_proba,5,64,15,42,10,0,864,160,0.5701595596143715,0.4949360697662067,27.209793707719697,4.580432035607692,0.48133543881306295,0.10508516119685281,0.9,0.9206349206349206,0.9800000000000001,,0.81,ok
binary_acl_vs_ha,pca_slim_subject,pca,1,62,17,41,11,0,264,160,0.19551897489116563,5.233822122326129,0.48583419072929684,0.4436973781522108,1.1266097131532835,2.5391398927013697,0.3416666666666667,0.2245614035087719,0.21666666666666667,,0.005,ok
binary_acl_vs_ha,pca_slim_subject,pca,2,62,17,41,11,0,264,160,0.0584255928368496,2.5089883979288286,1.637988484962706,0.8026952693427288,2.0379647431563184,2.538902147542324,0.6583333333333333,0.6730769230769231,0.7666666666666666,,0.009,ok
binary_acl_vs_ha,pca_slim_subject,pca,3,64,15,42,10,0,264,160,-0.11078612309636021,3.0284273034028177,0.31108305894016114,0.5613180152934705,3.69009414537747,6.573981316897873,0.44999999999999996,0.4444444444444444,0.33999999999999997,,0.015,ok
binary_acl_vs_ha,pca_slim_subject,pca,4,64,15,42,10,0,264,160,-0.08161968399955531,8.073148773753136,0.12033741793460102,0.24252992453820418,0.4800775390576208,1.9794569266935853,0.55,0.4642857142857143,0.44,,0.019,ok
binary_acl_vs_ha,pca_slim_subject,pca,5,64,15,42,10,0,264,160,0.044757267313780824,2.373106620014723,1.2783072650797098,0.7897698368403598,1.8021185861351974,2.281827568073442,0.4,0.33035714285714285,0.22000000000000003,,0.024,ok
binary_acl_vs_ha,pca_slim_subject,lda,1,62,17,41,11,0,264,160,0.06545437993803199,1.1458234256613322,4.724253508171997,1.6044278632763105,1.448003924056529,0.9025048474910196,0.7916666666666667,0.7017543859649122,0.8,,0.005,ok
binary_acl_vs_ha,pca_slim_subject,lda,2,62,17,41,11,0,264,160,0.19939941624346338,1.235669059149416,3.9954465760758615,1.5487512118758051,2.3244611644290925,1.5008615629193076,0.7166666666666667,0.7166666666666667,0.8333333333333333,,0.009,ok
binary_acl_vs_ha,pca_slim_subject,lda,3,64,15,42,10,0,264,160,-0.11613879648915608,2.561406847467639,0.7368865875952937,0.7592329907544879,1.3124615192025133,1.7286676622129584,0.55,0.55,0.6,,0.014,ok
binary_acl_vs_ha,pca_slim_subject,lda,4,64,15,42,10,0,264,160,0.3387910661575214,0.6777210326784078,13.64706938647814,2.523432043792537,3.2215785184096175,1.2766654550236338,0.9,0.9206349206349206,0.9800000000000001,,0.019,ok
binary_acl_vs_ha,pca_slim_subject,lda,5,64,15,42,10,0,264,160,0.24665513463799152,0.918383476593376,9.395426519766296,2.164080791148197,3.5567069630332657,1.6435185680596438,0.75,0.7619047619047619,0.86,,0.024,ok
binary_acl_vs_ha,pca_slim_subject,plsda,1,62,17,41,11,0,264,160,0.025633935249618715,1.3372587082010035,3.5944503169314865,1.2684742402598648,2.5738925061121427,2.029124774015785,0.7083333333333334,0.5882352941176471,0.7833333333333333,,0.004,ok
binary_acl_vs_ha,pca_slim_subject,plsda,2,62,17,41,11,0,264,160,0.2248935100451576,1.1771033359542133,6.7597394232269625,1.6857514701498306,3.890221677499,2.307707717528038,0.8166666666666667,0.7984189723320159,0.8833333333333334,,0.009,ok
binary_acl_vs_ha,pca_slim_subject,plsda,3,64,15,42,10,0,264,160,-0.021127029403408496,1.8024712873306004,1.1071813008256164,0.9496918158051343,4.048928329715095,4.263412890720213,0.75,0.7222222222222222,0.88,,0.013,ok
binary_acl_vs_ha,pca_slim_subject,plsda,4,64,15,42,10,0,264,160,0.22282240256674055,1.1214756846373353,7.63546014456164,1.7386164378870101,3.527873922056231,2.0291272101072253,0.7,0.7,0.88,,0.017,ok
binary_acl_vs_ha,pca_slim_subject,plsda,5,64,15,42,10,0,264,160,0.3034011250064335,0.9468801862056957,9.171706819222816,2.0672154815310813,4.092264258936987,1.9796021728252804,0.8,0.784688995215311,0.9,,0.022,ok
binary_acl_vs_ha,pca_slim_subject,nca,1,62,17,41,11,0,264,160,-0.0856427435276887,4.388655402418058,0.46820240974822364,0.4482071296525698,2.0881997978962565,4.659006204374607,0.55,0.5142857142857142,0.5666666666666667,,0.007,ok
binary_acl_vs_ha,pca_slim_subject,nca,2,62,17,41,11,0,264,160,0.13382632784376836,1.6943820023506264,3.195124180350703,1.1871528156191546,3.7456926217833577,3.15518994058891,0.8166666666666667,0.7984189723320159,0.8666666666666666,,0.014,ok
binary_acl_vs_ha,pca_slim_subject,nca,3,64,15,42,10,0,264,160,-0.06845267888157207,2.8496792066762056,0.4554017158248334,0.6193415983952749,3.9729345186125937,6.414770990526937,0.30000000000000004,0.3055555555555555,0.3,,0.022,ok
binary_acl_vs_ha,pca_slim_subject,nca,4,64,15,42,10,0,264,160,0.2274873659353889,1.2891278945279445,6.250493026664952,1.6286558161839348,4.841144156067473,2.9724783517555253,0.8,0.784688995215311,0.8400000000000001,,0.029,ok
binary_acl_vs_ha,pca_slim_subject,nca,5,64,15,42,10,0,264,160,0.14099556638310773,1.4299582228681942,4.3260222467393055,1.3582418792433444,6.178847277695792,4.549150907596762,0.25,0.25339366515837103,0.2,,0.035,ok
binary_acl_vs_ha,pca_slim_subject,rf_proba,1,62,17,41,11,0,264,160,-0.008789428015787904,1.668632396077012,2.267755655813806,1.051545803643489,0.15937242817811667,0.15156013901240342,0.6333333333333333,0.6136363636363636,0.7,,0.154,ok
binary_acl_vs_ha,pca_slim_subject,rf_proba,2,62,17,41,11,0,264,160,0.40913702724373313,1.1181151502282602,7.934361928450061,2.2199036241778476,0.2580808428402114,0.11625767895027105,0.8,0.8365384615384616,0.8166666666666667,,0.308,ok
binary_acl_vs_ha,pca_slim_subject,rf_proba,3,64,15,42,10,0,264,160,0.23187363210905804,1.125168069441599,7.8908453548523045,1.8634539927297515,0.2230562650783741,0.11970044119609394,0.75,0.7619047619047619,0.84,,0.457,ok
binary_acl_vs_ha,pca_slim_subject,rf_proba,4,64,15,42,10,0,264,160,0.14144435050487472,1.2499201250965077,4.4309979583455865,1.5178228912600817,0.19151685578047548,0.12617865818421017,0.65,0.6590909090909092,0.8,,0.634,ok
binary_acl_vs_ha,pca_slim_subject,rf_proba,5,64,15,42,10,0,264,160,0.2714533709219611,1.069651607052955,6.2576973185695195,1.8863707150269835,0.22940743584917725,0.12161312409151544,0.65,0.6590909090909092,0.9000000000000001,,0.787,ok
binary_acl_vs_ha,pca_raw_subject,pca,1,61,17,41,11,0,8256,160,0.7221133624236391,0.3119981518495198,51.33815827383258,5.08857453582917,24.607919920764548,4.835916177997921,0.9583333333333333,0.9328063241106719,1.0,,0.028,ok
binary_acl_vs_ha,pca_raw_subject,pca,2,62,16,41,11,0,8256,160,0.47996294360388714,0.968406292023981,13.129271983314007,2.5287415009267407,13.85881524129116,5.480518762480127,0.8,0.8333333333333333,0.9818181818181819,,0.054,ok
binary_acl_vs_ha,pca_raw_subject,pca,3,63,15,42,10,0,8256,160,0.6445466597208533,0.5527719948628893,29.976837046601407,4.066610652043849,19.82477752534328,4.87501244196552,0.9,0.9206349206349206,1.0,,0.081,ok
binary_acl_vs_ha,pca_raw_subject,pca,4,63,15,42,10,0,8256,160,0.17907672039484837,1.4191415140778025,4.492391624326956,1.495773132018149,8.277456054880702,5.533898074310554,0.6,0.5833333333333334,0.9000000000000001,,0.108,ok
binary_acl_vs_ha,pca_raw_subject,pca,5,63,15,42,10,0,8256,160,0.6072266931059678,0.5929457014249285,29.76405151790042,3.986403578516005,18.62394027071142,4.671865229873299,0.9,0.9206349206349206,1.0,,0.135,ok
binary_acl_vs_ha,pca_raw_subject,lda,1,61,17,41,11,0,8256,160,0.1679134307515739,1.0571110346893164,7.15721263076637,1.786241817172584,29.4822959043606,16.505209776707442,0.7333333333333334,0.6886446886446886,0.8083333333333333,,0.026,ok
binary_acl_vs_ha,pca_raw_subject,lda,2,62,16,41,11,0,8256,160,0.04779105441928996,2.075678801114865,1.6515903431949346,1.048325190513481,33.50748810763293,31.96287603393428,0.6545454545454545,0.6666666666666667,0.6,,0.053,ok
binary_acl_vs_ha,pca_raw_subject,lda,3,63,15,42,10,0,8256,160,0.23886248781411423,1.2742276880823948,4.797636742088171,1.6148167060646825,9.91967180527428,6.142908831707951,0.8,0.8295454545454546,0.87,,0.08,ok
binary_acl_vs_ha,pca_raw_subject,lda,4,63,15,42,10,0,8256,160,-0.04773804810344139,8.999049015791744,0.05620104128363875,0.1853420340964733,3.222466294223141,17.386591821614513,0.5,0.49760765550239233,0.55,,0.107,ok
binary_acl_vs_ha,pca_raw_subject,lda,5,63,15,42,10,0,8256,160,0.1938948528608508,1.0264296896478369,7.357418603483293,1.9097018928642358,28.9641852902403,15.166862115216754,0.8,0.784688995215311,0.8,,0.134,ok
binary_acl_vs_ha,pca_raw_subject,plsda,1,61,17,41,11,0,8256,160,0.7118632251000097,0.32196439084657325,48.87432108748494,5.015700386999872,23.622483476642916,4.709707848154112,0.9583333333333333,0.9328063241106719,1.0,,0.026,ok
binary_acl_vs_ha,pca_raw_subject,plsda,2,62,16,41,11,0,8256,160,0.47169814834366525,0.9301711432313988,14.025961071776157,2.597734758418336,13.68649851328026,5.2686281649530144,0.8,0.8333333333333333,0.9818181818181819,,0.052,ok
binary_acl_vs_ha,pca_raw_subject,plsda,3,63,15,42,10,0,8256,160,0.6684616931524565,0.5055890665288018,36.518646548432045,4.421322281460513,19.608639670665948,4.435017042953166,1.0,1.0,1.0,,0.078,ok
binary_acl_vs_ha,pca_raw_subject,plsda,4,63,15,42,10,0,8256,160,0.2154989529858403,1.3581094720009903,4.83107183887061,1.5694974587732826,8.398896713563165,5.351328647660082,0.6,0.5833333333333334,0.9000000000000001,,0.105,ok
binary_acl_vs_ha,pca_raw_subject,plsda,5,63,15,42,10,0,8256,160,0.6232233449318078,0.5590312508194164,32.390438571487465,4.288740744293948,18.532945757633183,4.321302420131308,0.9,0.9206349206349206,1.0,,0.132,ok
binary_acl_vs_ha,pca_raw_subject,nca,1,61,17,41,11,0,8256,160,0.6000550639977095,0.4648092756107057,23.983648822439594,3.5492107771773873,32.92338835352491,9.276256165239133,0.9166666666666667,0.8712121212121212,1.0,,0.029,ok
binary_acl_vs_ha,pca_raw_subject,nca,2,62,16,41,11,0,8256,160,0.488448963276899,0.9104848677839802,14.320990040906223,2.7384066504410502,19.3610954926073,7.070204671570231,0.8,0.8333333333333333,0.9818181818181819,,0.058,ok
binary_acl_vs_ha,pca_raw_subject,nca,3,63,15,42,10,0,8256,160,0.6047813365397728,0.578390983093127,27.44212413816577,3.7684500088297943,23.425843223158257,6.216307279722311,0.9,0.9206349206349206,1.0,,0.087,ok
binary_acl_vs_ha,pca_raw_subject,nca,4,63,15,42,10,0,8256,160,0.24637937012609243,1.2496966669154015,5.324604094556103,1.6819698206424594,10.236011343990265,6.08572830401941,0.6,0.5833333333333334,0.9800000000000001,,0.115,ok
binary_acl_vs_ha,pca_raw_subject,nca,5,63,15,42,10,0,8256,160,0.6346656665745136,0.5603249215886915,30.585519762451245,4.371370048523571,20.495537141612946,4.688584337200029,0.9,0.9206349206349206,0.9800000000000001,,0.143,ok
binary_acl_vs_ha,pca_raw_subject,rf_proba,1,61,17,41,11,0,8256,160,0.5255123373071289,0.43218541722066334,24.75650441808104,3.5508479479639132,0.9776406239666049,0.2753259610925307,0.875,0.8131868131868132,1.0,,0.172,ok
binary_acl_vs_ha,pca_raw_subject,rf_proba,2,62,16,41,11,0,8256,160,0.611633178201962,0.48463847787283143,36.99561215601335,4.310956603669046,0.8482265825967948,0.1967606405211481,0.9545454545454546,0.9307359307359306,0.9818181818181819,,0.344,ok
binary_acl_vs_ha,pca_raw_subject,rf_proba,3,63,15,42,10,0,8256,160,0.6906938804373791,0.36366836929548346,57.600002960109364,5.244711315806037,0.9067982592041381,0.17289764957535633,1.0,1.0,1.0,,0.526,ok
binary_acl_vs_ha,pca_raw_subject,rf_proba,4,63,15,42,10,0,8256,160,0.5328682238360533,0.5726613094290091,25.42920249481669,3.3985709978079424,0.6915587618951166,0.20348515959830404,1.0,1.0,1.0,,0.704,ok
binary_acl_vs_ha,pca_raw_subject,rf_proba,5,63,15,42,10,0,8256,160,0.7719792222121572,0.3394984927471947,77.91327503832584,7.615027044897931,1.0200870912968314,0.1339571199527505,0.9,0.9206349206349206,1.0,,0.875,ok
binary_acl_vs_ha,pca_cycle_subject,pca,1,62,17,41,11,0,10908,160,0.0239176364627112,2.7629978960476826,1.2314257940184519,0.7377671990305409,4.332127342595188,5.87194354572526,0.625,0.4631578947368421,0.6166666666666667,,0.039,ok
binary_acl_vs_ha,pca_cycle_subject,pca,2,62,17,41,11,0,10908,160,0.010540633016612302,2.1972665735595065,1.8285391243609117,0.9027511404857511,5.728197810482289,6.345267874599491,0.7166666666666667,0.7166666666666667,0.75,,0.078,ok
binary_acl_vs_ha,pca_cycle_subject,pca,3,64,15,42,10,0,10908,160,0.17389840598591172,1.4843215111075159,3.877402453718958,1.3238844871307076,8.944875115821457,6.7565374492815,0.25,0.25339366515837103,0.24,,0.118,ok
binary_acl_vs_ha,pca_cycle_subject,pca,4,64,15,42,10,0,10908,160,-0.016483463236407994,2.9879608059970924,1.1630502287859261,0.6742919523545909,4.834146504694418,7.169218745402256,0.6499999999999999,0.6411483253588517,0.6599999999999999,,0.157,ok
binary_acl_vs_ha,pca_cycle_subject,pca,5,64,15,42,10,0,10908,160,0.1248796638320428,1.9974663111463706,2.2617480229728018,1.00062582330557,7.008639485181469,7.004256058501878,0.7,0.7,0.76,,0.197,ok
binary_acl_vs_ha,pca_cycle_subject,lda,1,62,17,41,11,0,10908,160,-0.06602983414648929,2.547186001983111,1.3154290505111688,0.7792555828854496,2.447950152616274,3.1413957196840796,0.5666666666666667,0.47058823529411764,0.525,,0.039,ok
binary_acl_vs_ha,pca_cycle_subject,lda,2,62,17,41,11,0,10908,160,0.11800615482730116,0.9375823441750483,5.702162990684499,1.8377978749433408,7.379757295751481,4.015543491679681,0.8583333333333334,0.8583333333333334,0.9,,0.078,ok
binary_acl_vs_ha,pca_cycle_subject,lda,3,64,15,42,10,0,10908,160,-0.04214837518174432,51.94383505194386,0.0031675861239933577,0.04032469719971705,0.11120893237414098,2.7578367625019964,0.5,0.4642857142857143,0.53,,0.118,ok
binary_acl_vs_ha,pca_cycle_subject,lda,4,64,15,42,10,0,10908,160,-0.022610964575603416,2.0013950268046337,1.695472370977355,0.9598996593966765,4.69841631157561,4.894695258594731,0.6,0.5833333333333333,0.7000000000000001,,0.158,ok
binary_acl_vs_ha,pca_cycle_subject,lda,5,64,15,42,10,0,10908,160,-0.08160688812464875,133.67082529081563,0.00043067201573947797,0.013964164026830006,0.1284040434394247,9.195254595457053,0.4,0.4,0.44999999999999996,,0.199,ok
binary_acl_vs_ha,pca_cycle_subject,plsda,1,62,17,41,11,0,10908,160,-0.07115622589734208,2.218146409524505,1.3883120156482975,0.810906594744706,3.993702240092902,4.924984290391942,0.6666666666666666,0.5277777777777778,0.65,,0.038,ok
binary_acl_vs_ha,pca_cycle_subject,plsda,2,62,17,41,11,0,10908,160,-0.022585939932356275,1.8959204623098926,2.097716717301052,1.0029751335801003,6.200524262712372,6.18213159540628,0.7166666666666667,0.7166666666666667,0.7,,0.077,ok
binary_acl_vs_ha,pca_cycle_subject,plsda,3,64,15,42,10,0,10908,160,0.01784607330621959,1.783102174139126,1.9835204158930444,1.041154618706331,4.6097742880074914,4.427559754511091,0.2,0.21052631578947367,0.28,,0.116,ok
binary_acl_vs_ha,pca_cycle_subject,plsda,4,64,15,42,10,0,10908,160,-0.008596969343038337,2.7945879928585082,1.3541546376565323,0.7115186436859444,5.0819903214870905,7.142455600545329,0.6499999999999999,0.6411483253588517,0.6799999999999999,,0.155,ok
binary_acl_vs_ha,pca_cycle_subject,plsda,5,64,15,42,10,0,10908,160,0.2540745841623736,1.5738795354052795,3.579712670810061,1.3291736802506104,8.111443054297107,6.1026208800400905,0.75,0.7619047619047619,0.8200000000000001,,0.194,ok
binary_acl_vs_ha,pca_cycle_subject,nca,1,62,17,41,11,0,10908,160,0.10722331032325252,3.717618218536225,0.8175099146726708,0.5958604408008882,4.072749995107527,6.835073645153213,0.625,0.4631578947368421,0.6166666666666667,,0.042,ok
binary_acl_vs_ha,pca_cycle_subject,nca,2,62,17,41,11,0,10908,160,0.017944984612401797,61.636430039341896,0.0028965337674301253,0.03484210283381161,0.2638614658702659,7.573063747869098,0.5333333333333333,0.5296442687747036,0.5666666666666667,,0.083,ok
binary_acl_vs_ha,pca_cycle_subject,nca,3,64,15,42,10,0,10908,160,0.1516682290438545,1.470549322088136,3.710407186109103,1.3491385241670335,9.517368515133642,7.054404232515504,0.35,0.33035714285714285,0.34,,0.125,ok
binary_acl_vs_ha,pca_cycle_subject,nca,4,64,15,42,10,0,10908,160,-0.014983048083209589,2.815222408530766,1.2929685611624906,0.7078205020833915,6.838512609938698,9.661365543679917,0.6,0.5833333333333333,0.7,,0.168,ok
binary_acl_vs_ha,pca_cycle_subject,nca,5,64,15,42,10,0,10908,160,0.2457119485182138,1.495507059445069,3.9665075597163924,1.3458642137971626,12.185356974754587,9.053927468934887,0.8500000000000001,0.8500000000000001,0.8200000000000001,,0.211,ok
binary_acl_vs_ha,pca_cycle_subject,rf_proba,1,62,17,41,11,0,10908,160,-0.07145811709181409,3.0192639920996163,0.6023470587509124,0.5613323922332504,0.14238938662924347,0.25366322806127395,0.7083333333333334,0.5882352941176471,0.6000000000000001,,0.19,ok
binary_acl_vs_ha,pca_cycle_subject,rf_proba,2,62,17,41,11,0,10908,160,0.22170291589470378,2.1050084651201764,2.8087337301507107,1.1001060370241946,0.2630296525283652,0.23909481784125539,0.8,0.8365384615384616,0.6666666666666666,,0.373,ok
binary_acl_vs_ha,pca_cycle_subject,rf_proba,3,64,15,42,10,0,10908,160,-0.07566411944272887,3.002267322196746,0.6148384445444437,0.5767180426503897,0.1085389250092503,0.18820102195943836,0.3,0.2857142857142857,0.39999999999999997,,0.558,ok
binary_acl_vs_ha,pca_cycle_subject,rf_proba,4,64,15,42,10,0,10908,160,-0.008976228634563866,2.7373510359692395,1.2274450363209135,0.730677522307743,0.20397039589643193,0.27915241631112436,0.55,0.55,0.7,,0.742,ok
binary_acl_vs_ha,pca_cycle_subject,rf_proba,5,64,15,42,10,0,10908,160,0.4498399648654184,0.9991655768145096,9.704466930379978,2.3795118341085657,0.3779405313347615,0.15883112070184305,0.8,0.8295454545454546,0.8400000000000001,,0.932,ok
binary_acl_vs_ha,fusion_scalar_cycle,pca,1,62,17,41,11,0,11772,160,0.0251754155421578,2.739560989444022,1.3145433481323863,0.7448053115003327,4.271689031971838,5.7353095715267735,0.7083333333333334,0.5882352941176471,0.6000000000000001,,0.043,ok
binary_acl_vs_ha,fusion_scalar_cycle,pca,2,62,17,41,11,0,11772,160,0.031144178357081408,1.9887012590361888,2.360278224335287,1.009443610267973,6.0357001663510585,5.979234605040281,0.7166666666666667,0.7166666666666667,0.7333333333333333,,0.085,ok
binary_acl_vs_ha,fusion_scalar_cycle,pca,3,64,15,42,10,0,11772,160,0.15087167264611154,1.5878501258360946,3.4508948981853256,1.2437750544407606,8.095095543313777,6.508488423538595,0.5,0.4642857142857143,0.36000000000000004,,0.13,ok
binary_acl_vs_ha,fusion_scalar_cycle,pca,4,64,15,42,10,0,11772,160,0.0030502765332529073,2.6011158702701405,1.5318873630102117,0.7731420849269555,5.216043876802849,6.746552772761876,0.6499999999999999,0.6411483253588517,0.6799999999999999,,0.174,ok
binary_acl_vs_ha,fusion_scalar_cycle,pca,5,64,15,42,10,0,11772,160,0.16197072870413967,1.614496871242865,3.399852999152029,1.2324818002519577,8.281654325827434,6.7194942141412595,0.75,0.7619047619047619,0.78,,0.217,ok
binary_acl_vs_ha,fusion_scalar_cycle,lda,1,62,17,41,11,0,11772,160,-0.043906790348084146,17.970098106602265,0.02854309125901985,0.11312547814889623,0.310929025976447,2.7485322587295578,0.5666666666666667,0.47058823529411764,0.5499999999999999,,0.043,ok
binary_acl_vs_ha,fusion_scalar_cycle,lda,2,62,17,41,11,0,11772,160,0.040228824679186544,2.9211159795696524,0.9902713108559847,0.714477964929241,3.1156817237679753,4.3607807052195655,0.5083333333333333,0.4631578947368421,0.6166666666666667,,0.085,ok
binary_acl_vs_ha,fusion_scalar_cycle,lda,3,64,15,42,10,0,11772,160,0.18385941761845873,1.7316619417459176,2.812143352626214,1.2667146367864728,4.522353643093875,3.5701439864677256,0.75,0.7222222222222222,0.71,,0.129,ok
binary_acl_vs_ha,fusion_scalar_cycle,lda,4,64,15,42,10,0,11772,160,0.08257277343395905,1.392712166281964,3.9794466835488893,1.4330051903911674,4.953565936731733,3.456767616717116,0.6000000000000001,0.6031746031746031,0.84,,0.173,ok
binary_acl_vs_ha,fusion_scalar_cycle,lda,5,64,15,42,10,0,11772,160,0.5001867346737819,0.45606895092340755,22.385422933050798,3.7969755112835264,10.743220528929267,2.8294152798730163,1.0,1.0,1.0,,0.216,ok
binary_acl_vs_ha,fusion_scalar_cycle,plsda,1,62,17,41,11,0,11772,160,-0.016270689739180184,1.9970492967640352,1.646162544842797,0.9009888104387767,3.9192105054252857,4.34989919965449,0.7083333333333334,0.5882352941176471,0.6833333333333333,,0.042,ok
binary_acl_vs_ha,fusion_scalar_cycle,plsda,2,62,17,41,11,0,11772,160,0.12902610607726106,1.414670763947862,4.708423506901133,1.4229511458117,7.821457743006225,5.4966453107176765,0.7583333333333333,0.7733333333333333,0.7833333333333333,,0.085,ok
binary_acl_vs_ha,fusion_scalar_cycle,plsda,3,64,15,42,10,0,11772,160,-0.08045472941780561,3.358323318165308,0.6009900593345978,0.5609434629331532,2.433454283405771,4.338145364385434,0.5,0.4642857142857143,0.38,,0.129,ok
binary_acl_vs_ha,fusion_scalar_cycle,plsda,4,64,15,42,10,0,11772,160,0.03839314019231596,2.0363858369915167,2.4414974266643563,0.9623510239198547,5.812114440204931,6.039495252502551,0.6499999999999999,0.6411483253588517,0.72,,0.173,ok
binary_acl_vs_ha,fusion_scalar_cycle,plsda,5,64,15,42,10,0,11772,160,0.2737500242087341,1.372345730465661,4.752361543114148,1.5211786880988913,9.12098374706376,5.9959975895158,0.8500000000000001,0.8500000000000001,0.76,,0.215,ok
binary_acl_vs_ha,fusion_scalar_cycle,nca,1,62,17,41,11,0,11772,160,0.04436561298560727,4.425391661288527,0.5421440581133007,0.4786474114401719,3.230182693878988,6.748564009068587,0.6666666666666666,0.5277777777777778,0.5666666666666667,,0.046,ok
binary_acl_vs_ha,fusion_scalar_cycle,nca,2,62,17,41,11,0,11772,160,0.04413558944060932,1.9022487496774814,2.703002958817373,1.084052762757608,7.2007135925244965,6.642401403237383,0.6166666666666667,0.6222222222222222,0.6833333333333333,,0.09,ok
binary_acl_vs_ha,fusion_scalar_cycle,nca,3,64,15,42,10,0,11772,160,0.1103913565258718,1.5961284276546654,3.169771749908935,1.2084898804318678,10.104238644551769,8.361045308001176,0.45,0.4444444444444444,0.36000000000000004,,0.137,ok
binary_acl_vs_ha,fusion_scalar_cycle,nca,4,64,15,42,10,0,11772,160,0.0015144142015453665,2.205960472459993,2.107147036883608,0.8998111643983367,7.280173285855243,8.090779014420395,0.6,0.5833333333333333,0.7,,0.183,ok
binary_acl_vs_ha,fusion_scalar_cycle,nca,5,64,15,42,10,0,11772,160,0.2167034529624162,1.6639660223037733,3.268932363540361,1.220847359178304,10.92533333486062,8.94897568702934,0.8500000000000001,0.8500000000000001,0.8400000000000001,,0.228,ok
binary_acl_vs_ha,fusion_scalar_cycle,rf_proba,1,62,17,41,11,0,11772,160,0.06689261118578049,1.3244599807386863,3.0791784424329314,1.2486733105255128,0.28594544856507476,0.22899940773518465,0.7916666666666667,0.7017543859649122,0.75,,0.19,ok
binary_acl_vs_ha,fusion_scalar_cycle,rf_proba,2,62,17,41,11,0,11772,160,0.35030387549711856,1.223135570024866,7.367782543475546,2.0548317370549487,0.39984605975493787,0.19458822469230994,0.7583333333333333,0.7733333333333333,0.7166666666666667,,0.382,ok
binary_acl_vs_ha,fusion_scalar_cycle,rf_proba,3,64,15,42,10,0,11772,160,-0.08859745446795934,3.201415345399969,0.6466082038593567,0.5830502255844301,0.0839604378613722,0.1440020673642876,0.6000000000000001,0.6031746031746031,0.54,,0.577,ok
binary_acl_vs_ha,fusion_scalar_cycle,rf_proba,4,64,15,42,10,0,11772,160,0.1973278219933048,1.1036180654451424,7.837372769013235,1.780944687173111,0.3876812208112612,0.21768290930283,0.65,0.6590909090909092,0.86,,0.766,ok
binary_acl_vs_ha,fusion_scalar_cycle,rf_proba,5,64,15,42,10,0,11772,160,0.5769024278710538,0.6390116274325329,18.41680940367654,3.6852262201061814,0.5318465751319855,0.14431856916416425,0.9,0.9206349206349206,0.87,,0.953,ok
binary_acl_vs_ha,fusion_scalar_raw,pca,1,61,17,41,11,0,9120,160,0.7210114753833851,0.3154520813737724,50.527353438582,5.043440987773001,24.418403472828643,4.8416157801840205,0.9583333333333333,0.9328063241106719,1.0,,0.029,ok
binary_acl_vs_ha,fusion_scalar_raw,pca,2,62,16,41,11,0,9120,160,0.4844128088022521,0.9628582105127922,13.41449848206693,2.537086231306507,13.825479701129856,5.449353486897542,0.8,0.8333333333333333,1.0,,0.058,ok
binary_acl_vs_ha,fusion_scalar_raw,pca,3,63,15,42,10,0,9120,160,0.6512524878163585,0.5439629663383734,30.471162995777664,4.13887448709663,19.86545712754705,4.799724463614364,1.0,1.0,1.0,,0.088,ok
binary_acl_vs_ha,fusion_scalar_raw,pca,4,63,15,42,10,0,9120,160,0.1825648125865929,1.4113339757792809,4.544871871210629,1.5037407510201402,8.31054448462013,5.526580615031045,0.6,0.5833333333333334,0.9000000000000001,,0.118,ok
binary_acl_vs_ha,fusion_scalar_raw,pca,5,63,15,42,10,0,9120,160,0.607582871527187,0.5945959544076875,29.70529518165505,3.9859549354132437,18.61970168379352,4.6713276957465455,0.9,0.9206349206349206,1.0,,0.148,ok
binary_acl_vs_ha,fusion_scalar_raw,lda,1,61,17,41,11,0,9120,160,0.08748674050502425,1.2419115701974173,5.3341441701754935,1.5518309696355983,18.32890000719158,11.811144619375384,0.7333333333333334,0.6886446886446886,0.7916666666666666,,0.029,ok
binary_acl_vs_ha,fusion_scalar_raw,lda,2,62,16,41,11,0,9120,160,0.034018319304705745,1.8356139677518417,1.929810916008583,1.0936463908662402,15.726958001820915,14.380295251890445,0.7090909090909091,0.7090909090909091,0.7272727272727273,,0.059,ok
binary_acl_vs_ha,fusion_scalar_raw,lda,3,63,15,42,10,0,9120,160,0.133448711693957,0.956492371356604,5.053400288251418,1.943656114891738,15.409274253894742,7.927983832033498,0.8,0.784688995215311,0.86,,0.089,ok
binary_acl_vs_ha,fusion_scalar_raw,lda,4,63,15,42,10,0,9120,160,0.013474109175613914,5.467783701483584,0.11944565488753339,0.29004453220045606,5.224692096101719,18.013413514345515,0.44999999999999996,0.4444444444444444,0.6199999999999999,,0.119,ok
binary_acl_vs_ha,fusion_scalar_raw,lda,5,63,15,42,10,0,9120,160,0.3447436462143606,0.8156826053092328,7.559032370624054,2.3022181747029884,21.2687551449067,9.238375136904912,0.8500000000000001,0.8500000000000001,0.93,,0.149,ok
binary_acl_vs_ha,fusion_scalar_raw,plsda,1,61,17,41,11,0,9120,160,0.715232681601823,0.32092981951371274,50.455509012170445,5.065046147158889,23.412542718810563,4.622375006779206,0.9583333333333333,0.9328063241106719,1.0,,0.029,ok
binary_acl_vs_ha,fusion_scalar_raw,plsda,2,62,16,41,11,0,9120,160,0.48436765102206136,0.9329660989278044,14.077088608990145,2.5929606178578424,13.682194635138407,5.276668893815234,0.8,0.8333333333333333,1.0,,0.058,ok
binary_acl_vs_ha,fusion_scalar_raw,plsda,3,63,15,42,10,0,9120,160,0.684700917570162,0.48579963146048555,38.93065367689065,4.6023573615604665,19.65498611512295,4.270634496852449,1.0,1.0,1.0,,0.088,ok
binary_acl_vs_ha,fusion_scalar_raw,plsda,4,63,15,42,10,0,9120,160,0.22709666716629773,1.3380757171178617,5.011730730781032,1.5991553365755646,8.436469725666102,5.275578633737971,0.6,0.5833333333333334,0.9000000000000001,,0.117,ok
binary_acl_vs_ha,fusion_scalar_raw,plsda,5,63,15,42,10,0,9120,160,0.6252464882163263,0.5560027695896317,32.96948125185718,4.325718813189444,18.597058446547766,4.299183384237534,0.9,0.9206349206349206,1.0,,0.147,ok
binary_acl_vs_ha,fusion_scalar_raw,nca,1,61,17,41,11,0,9120,160,0.6686837980681085,0.3772849418309298,39.74538017362073,4.430087600650861,29.91989245502989,6.753792509799154,0.9166666666666667,0.8712121212121212,1.0,,0.031,ok
binary_acl_vs_ha,fusion_scalar_raw,nca,2,62,16,41,11,0,9120,160,0.4137482349233602,0.9583230428082554,11.472827967204259,2.3495301656480354,16.14897968195558,6.873280419237116,0.8,0.8333333333333333,0.9818181818181819,,0.062,ok
binary_acl_vs_ha,fusion_scalar_raw,nca,3,63,15,42,10,0,9120,160,0.5818305568023505,0.6346881605444082,22.370371457800857,3.431279115030818,25.600211595269123,7.460836247079595,1.0,1.0,1.0,,0.094,ok
binary_acl_vs_ha,fusion_scalar_raw,nca,4,63,15,42,10,0,9120,160,0.25759191179186575,1.2980829977140624,5.2898238153598,1.7083542104214442,8.621313435455146,5.046560826122999,0.6,0.5833333333333334,0.9000000000000001,,0.126,ok
binary_acl_vs_ha,fusion_scalar_raw,nca,5,63,15,42,10,0,9120,160,0.6356674478490357,0.5632113038994262,30.507205920648648,4.354993433238288,21.215346008725124,4.871498966405974,0.9,0.9206349206349206,0.9800000000000001,,0.157,ok
binary_acl_vs_ha,fusion_scalar_raw,rf_proba,1,61,17,41,11,0,9120,160,0.5263720611008872,0.4354199455658264,24.65340738932885,3.51595694583781,0.9568462126727235,0.2721438935153737,0.875,0.8131868131868132,1.0,,0.185,ok
binary_acl_vs_ha,fusion_scalar_raw,rf_proba,2,62,16,41,11,0,9120,160,0.6484541185756233,0.4443880719229871,46.1576127251649,4.824090353731579,0.8454755995036272,0.1752611451088652,1.0,1.0,1.0,,0.359,ok
binary_acl_vs_ha,fusion_scalar_raw,rf_proba,3,63,15,42,10,0,9120,160,0.7223226456063443,0.30848977726467475,66.77415704543421,5.797705324344365,0.9585880478065176,0.16533921511696004,1.0,1.0,1.0,,0.538,ok
binary_acl_vs_ha,fusion_scalar_raw,rf_proba,4,63,15,42,10,0,9120,160,0.5686076217136796,0.5016133826429255,32.814290424128245,3.9279462909588743,0.7579876863748549,0.19297302718205397,1.0,1.0,1.0,,0.722,ok
binary_acl_vs_ha,fusion_scalar_raw,rf_proba,5,63,15,42,10,0,9120,160,0.7673937724699929,0.3475818655732196,70.43046973364979,7.651482049372405,1.0169727435116744,0.13291186425708065,0.9,0.9206349206349206,1.0,,0.898,ok
binary_acl_vs_ha,fusion_all_common,pca,1,61,17,41,11,0,20292,160,0.7214148436185444,0.31509060806460176,50.29191865330759,5.035434345893131,24.36934838859921,4.839572262217001,0.9583333333333333,0.9328063241106719,1.0,,0.072,ok
binary_acl_vs_ha,fusion_all_common,pca,2,62,16,41,11,0,20292,160,0.4844128088022521,0.9628582105127922,13.41449848206693,2.537086231306507,13.825479701129856,5.449353486897542,0.8,0.8333333333333333,1.0,,0.145,ok
binary_acl_vs_ha,fusion_all_common,pca,3,63,15,42,10,0,20292,160,0.6513203920396757,0.5443778507214672,30.445373382446355,4.131521826088267,19.76203974127921,4.783234985349199,1.0,1.0,1.0,,0.218,ok
binary_acl_vs_ha,fusion_all_common,pca,4,63,15,42,10,0,20292,160,0.1825648125865929,1.4113339757792809,4.544871871210629,1.5037407510201402,8.31054448462013,5.526580615031045,0.6,0.5833333333333334,0.9000000000000001,,0.288,ok
binary_acl_vs_ha,fusion_all_common,pca,5,63,15,42,10,0,20292,160,0.607582871527187,0.5945959544076875,29.70529518165505,3.9859549354132437,18.61970168379352,4.6713276957465455,0.9,0.9206349206349206,1.0,,0.356,ok
binary_acl_vs_ha,fusion_all_common,lda,1,61,17,41,11,0,20292,160,0.2693627241269074,1.0342513924976457,9.377432076949187,2.1023823965802864,17.73724120103452,8.43673407363272,0.7166666666666667,0.7166666666666667,0.9166666666666667,,0.068,ok
binary_acl_vs_ha,fusion_all_common,lda,2,62,16,41,11,0,20292,160,0.034018319304705745,1.8356139677518417,1.929810916008583,1.0936463908662402,15.726958001820915,14.380295251890445,0.7090909090909091,0.7090909090909091,0.7272727272727273,,0.139,ok
binary_acl_vs_ha,fusion_all_common,lda,3,63,15,42,10,0,20292,160,0.129952919174575,0.9740404283532569,4.971626971051145,1.9128301041169722,15.44427618538855,8.074044920219485,0.8,0.784688995215311,0.81,,0.208,ok
binary_acl_vs_ha,fusion_all_common,lda,4,63,15,42,10,0,20292,160,0.013474109175613914,5.467783701483584,0.11944565488753339,0.29004453220045606,5.224692096101719,18.013413514345515,0.44999999999999996,0.4444444444444444,0.6199999999999999,,0.277,ok
binary_acl_vs_ha,fusion_all_common,lda,5,63,15,42,10,0,20292,160,0.3447436462143606,0.8156826053092328,7.559032370624054,2.3022181747029884,21.2687551449067,9.238375136904912,0.8500000000000001,0.8500000000000001,0.93,,0.349,ok
binary_acl_vs_ha,fusion_all_common,plsda,1,61,17,41,11,0,20292,160,0.7193469838532947,0.3140855323849394,51.9022293800119,5.14085616547306,23.36551042754928,4.5450620821637395,0.9583333333333333,0.9328063241106719,1.0,,0.066,ok
binary_acl_vs_ha,fusion_all_common,plsda,2,62,16,41,11,0,20292,160,0.48436765102206136,0.9329660989278044,14.077088608990145,2.5929606178578424,13.682194635138407,5.276668893815234,0.8,0.8333333333333333,1.0,,0.134,ok
binary_acl_vs_ha,fusion_all_common,plsda,3,63,15,42,10,0,20292,160,0.6874910337679399,0.4817320971571971,39.92459433550117,4.630510880916658,19.543397661514724,4.22057050811765,1.0,1.0,1.0,,0.203,ok
binary_acl_vs_ha,fusion_all_common,plsda,4,63,15,42,10,0,20292,160,0.22709666716629773,1.3380757171178617,5.011730730781032,1.5991553365755646,8.436469725666102,5.275578633737971,0.6,0.5833333333333334,0.9000000000000001,,0.272,ok
binary_acl_vs_ha,fusion_all_common,plsda,5,63,15,42,10,0,20292,160,0.6252464882163263,0.5560027695896317,32.96948125185718,4.325718813189444,18.597058446547766,4.299183384237534,0.9,0.9206349206349206,1.0,,0.341,ok
binary_acl_vs_ha,fusion_all_common,nca,1,61,17,41,11,0,20292,160,0.6917165320396945,0.3590149808653689,41.63079604237996,4.533011405045032,26.816914510493515,5.915915958351115,0.9583333333333333,0.9328063241106719,1.0,,0.068,ok
binary_acl_vs_ha,fusion_all_common,nca,2,62,16,41,11,0,20292,160,0.4137482349233602,0.9583230428082554,11.472827967204259,2.3495301656480354,16.14897968195558,6.873280419237116,0.8,0.8333333333333333,0.9818181818181819,,0.139,ok
binary_acl_vs_ha,fusion_all_common,nca,3,63,15,42,10,0,20292,160,0.6091665364927946,0.5679273975814394,28.939299536640085,3.8507135294023804,25.337665405002337,6.579992308317641,0.9,0.9206349206349206,1.0,,0.211,ok
binary_acl_vs_ha,fusion_all_common,nca,4,63,15,42,10,0,20292,160,0.25759191179186575,1.2980829977140624,5.2898238153598,1.7083542104214442,8.621313435455146,5.046560826122999,0.6,0.5833333333333334,0.9000000000000001,,0.282,ok
binary_acl_vs_ha,fusion_all_common,nca,5,63,15,42,10,0,20292,160,0.6356674478490357,0.5632113038994262,30.507205920648648,4.354993433238288,21.215346008725124,4.871498966405974,0.9,0.9206349206349206,0.9800000000000001,,0.352,ok
binary_acl_vs_ha,fusion_all_common,rf_proba,1,61,17,41,11,0,20292,160,0.48785097061652916,0.48301861274406216,20.914494847455902,3.2148309276645524,0.9328039333538751,0.2901564512543496,0.875,0.8131868131868132,1.0,,0.216,ok
binary_acl_vs_ha,fusion_all_common,rf_proba,2,62,16,41,11,0,20292,160,0.6484541185756233,0.4443880719229871,46.1576127251649,4.824090353731579,0.8454755995036272,0.1752611451088652,1.0,1.0,1.0,,0.432,ok
binary_acl_vs_ha,fusion_all_common,rf_proba,3,63,15,42,10,0,20292,160,0.7326627822179789,0.299350057393832,73.97811681559321,6.135793550211565,0.9378831422899492,0.15285441640350017,1.0,1.0,1.0,,0.647,ok
binary_acl_vs_ha,fusion_all_common,rf_proba,4,63,15,42,10,0,20292,160,0.5686076217136796,0.5016133826429255,32.814290424128245,3.9279462909588743,0.7579876863748549,0.19297302718205397,1.0,1.0,1.0,,0.873,ok
binary_acl_vs_ha,fusion_all_common,rf_proba,5,63,15,42,10,0,20292,160,0.7673937724699929,0.3475818655732196,70.43046973364979,7.651482049372405,1.0169727435116744,0.13291186425708065,0.9,0.9206349206349206,1.0,,1.092,ok
multiclass_3group,scalar_pivot,pca,1,62,17,41,11,0,864,160,-0.023332034246834492,2.6071554697296158,1.8736426728213822,0.9371081934014104,3.0094555892885055,3.211428104544813,0.4777777777777777,0.4396825396825397,,0.7656565656565656,0.007,ok
multiclass_3group,scalar_pivot,pca,2,62,17,41,11,0,864,160,-0.08614209379911142,4.252714606239494,1.2822811367952927,0.7870321843387393,5.596059000446939,7.110330570723383,0.4777777777777777,0.4728234728234728,,0.7212121212121213,0.014,ok
multiclass_3group,scalar_pivot,pca,3,64,15,42,10,0,864,160,0.1374671649421503,1.699625708656184,6.30406725415831,1.9184117770450975,4.777599623103526,2.490393188923389,0.7333333333333334,0.7135531135531136,,0.9066666666666667,0.022,ok
multiclass_3group,scalar_pivot,pca,4,64,15,42,10,0,864,160,-0.07621837273989869,2.3522637686876604,3.2771381539429076,1.279909871200552,3.826597382190601,2.989739721751863,0.6,0.5493395493395493,,0.7600000000000001,0.03,ok
multiclass_3group,scalar_pivot,pca,5,64,15,42,10,0,864,160,-0.2582820145097309,3.5273358514874626,0.9527614798633707,1.0515425606386546,18.461769155681324,17.556844436680304,0.6,0.5555555555555555,,0.7199999999999999,0.038,ok
multiclass_3group,scalar_pivot,lda,1,62,17,41,11,0,864,160,-0.00528158939138954,2.2020689635706785,2.069300966277981,1.0473546829633873,2.6739750065656485,2.5530749516485653,0.6,0.594017094017094,,0.7782828282828284,0.008,ok
multiclass_3group,scalar_pivot,lda,2,62,17,41,11,0,864,160,-0.10568683803622092,2.3023510459737553,0.8469801418493116,0.9664449314734042,11.01301170895043,11.395384620787883,0.6,0.5909090909090909,,0.7651515151515152,0.016,ok
multiclass_3group,scalar_pivot,lda,3,64,15,42,10,0,864,160,-0.14926738136996112,4.599303403057455,0.4853071834813201,0.5254390489226481,1.5305135467262454,2.912827948102422,0.3333333333333333,0.32861952861952864,,0.6133333333333333,0.024,ok
multiclass_3group,scalar_pivot,lda,4,64,15,42,10,0,864,160,0.00367326478384888,3.7438169828447543,2.663580948809541,1.199047901796953,2.273033677515839,1.8956988074532777,0.6,0.611111111111111,,0.7333333333333334,0.032,ok
multiclass_3group,scalar_pivot,lda,5,64,15,42,10,0,864,160,-0.3398618311629329,3.56200148163159,0.9636384731895296,1.2030081764223186,184.5094075530044,153.37336118672562,0.6,0.5681818181818182,,0.7000000000000001,0.041,ok
multiclass_3group,scalar_pivot,plsda,1,62,17,41,11,0,864,160,0.010239295989103026,1.9127223418958976,2.760860099952343,1.1629754636959537,3.26731591360959,2.809445268282798,0.5888888888888889,0.594017094017094,,0.7717171717171718,0.008,ok
multiclass_3group,scalar_pivot,plsda,2,62,17,41,11,0,864,160,-0.07504485250260956,5.002564920667593,1.1529017210320163,0.8422968911872506,6.576857727452494,7.808241721255975,0.5333333333333333,0.5303030303030303,,0.7313131313131312,0.015,ok
multiclass_3group,scalar_pivot,plsda,3,64,15,42,10,0,864,160,0.19634840468680584,1.7590251206087266,7.216199637076538,1.9494720126051237,4.822081434433294,2.473532014439867,0.6666666666666666,0.6481481481481483,,0.88,0.022,ok
multiclass_3group,scalar_pivot,plsda,4,64,15,42,10,0,864,160,0.06583847491564768,1.7300306649937,5.113509837549325,1.6719284506121797,4.069977261497114,2.4343010970397,0.6,0.5493395493395493,,0.8066666666666666,0.028,ok
multiclass_3group,scalar_pivot,plsda,5,64,15,42,10,0,864,160,-0.2664047753252025,2.0533824836985333,0.9838050252468559,1.1948209396219536,53.50188843954853,44.77816438041064,0.5333333333333333,0.4444444444444444,,0.8066666666666666,0.035,ok
multiclass_3group,scalar_pivot,nca,1,62,17,41,11,0,864,160,0.012398404905832258,2.197798784921216,2.1921828063737645,1.0790371666565128,2.865203777221243,2.6553337232111454,0.6555555555555556,0.6495726495726495,,0.7787878787878788,0.009,ok
multiclass_3group,scalar_pivot,nca,2,62,17,41,11,0,864,160,-0.10108474600189378,2.2271067547233616,0.8790338256143613,0.9857215524410953,11.642617853875578,11.811264372827353,0.5444444444444444,0.5303030303030303,,0.790909090909091,0.017,ok
multiclass_3group,scalar_pivot,nca,3,64,15,42,10,0,864,160,-0.13760198474206142,4.262835138821345,0.602687195604489,0.5869987847861715,1.7010455155638065,2.8978688877242793,0.4666666666666666,0.46296296296296297,,0.6266666666666666,0.025,ok
multiclass_3group,scalar_pivot,nca,4,64,15,42,10,0,864,160,0.05533392093765489,3.523535772700809,2.620951077093021,1.2533407160043877,2.8503518907919876,2.274203538107996,0.6,0.5966329966329966,,0.8133333333333334,0.034,ok
multiclass_3group,scalar_pivot,nca,5,64,15,42,10,0,864,160,-0.3357491943840133,3.164140978420414,0.9646441500232856,1.205774753984712,197.10615202485005,163.46846819729416,0.6,0.5722222222222223,,0.7533333333333333,0.043,ok
multiclass_3group,scalar_pivot,rf_proba,1,62,17,41,11,0,864,160,0.05137743770153607,1.755615564589398,4.264959310022902,1.5134257806888511,0.24510627157767031,0.16195460306359238,0.7111111111111112,0.7027417027417027,,0.7848484848484848,0.178,ok
multiclass_3group,scalar_pivot,rf_proba,2,62,17,41,11,0,864,160,0.05935885048798645,1.6724935908293357,7.723740351266319,1.925338895050362,0.3354506914517172,0.17422942647348463,0.7000000000000001,0.7103174603174603,,0.8767676767676768,0.344,ok
multiclass_3group,scalar_pivot,rf_proba,3,64,15,42,10,0,864,160,0.24362906324209563,1.1057429311617843,17.963666573499385,2.9872010675786753,0.3345011509211968,0.11197811709150605,0.8666666666666667,0.865993265993266,,0.9,0.502,ok
multiclass_3group,scalar_pivot,rf_proba,4,64,15,42,10,0,864,160,0.2858364178307895,1.059113745333087,17.97069989747715,3.193974117752924,0.3546460918154124,0.11103599426313407,0.7333333333333334,0.7407407407407408,,0.9,0.671,ok
multiclass_3group,scalar_pivot,rf_proba,5,64,15,42,10,0,864,160,0.11507280717941754,1.509729347839996,10.732113243275343,2.6470781169079447,0.3609695961937702,0.13636529798199507,0.6,0.582010582010582,,0.9066666666666667,0.823,ok
multiclass_3group,pca_slim_subject,pca,1,62,17,41,11,0,264,160,-0.09069864477153117,6.056672813919473,0.33034667718824046,0.41105277267823065,0.8546780777207045,2.079241728871005,0.18888888888888888,0.14074074074074075,,0.3888888888888889,0.005,ok
multiclass_3group,pca_slim_subject,pca,2,62,17,41,11,0,264,160,-0.12946913600876334,4.700854694634233,0.9741913847705878,0.719499036655208,1.524176799585687,2.1183861575009857,0.3666666666666667,0.30952380952380953,,0.5833333333333334,0.01,ok
multiclass_3group,pca_slim_subject,pca,3,64,15,42,10,0,264,160,-0.17033870108096447,2.229852048078831,0.8877464650633856,0.9644684011798456,6.175265339449247,6.402765846859236,0.4666666666666666,0.3988095238095238,,0.5933333333333334,0.015,ok
multiclass_3group,pca_slim_subject,pca,4,64,15,42,10,0,264,160,-0.11434352131137987,13.830491757982223,0.4903316096783915,0.49755639440522353,0.9386210740420037,1.8864616847383233,0.3333333333333333,0.17543859649122806,,0.48666666666666664,0.02,ok
multiclass_3group,pca_slim_subject,pca,5,64,15,42,10,0,264,160,-0.10245879043973852,11.703657979733324,0.7240604604953399,0.6092962835024315,1.4045219913755531,2.305154371370703,0.3333333333333333,0.2814814814814815,,0.3933333333333333,0.025,ok
multiclass_3group,pca_slim_subject,lda,1,62,17,41,11,0,264,160,-0.07334527924495597,8.363173608832302,1.1869182915730545,0.6938838182189966,1.420777208737437,2.0475721892235073,0.4444444444444444,0.35648148148148145,,0.6489898989898989,0.005,ok
multiclass_3group,pca_slim_subject,lda,2,62,17,41,11,0,264,160,-0.027229149901277797,2.492877892931377,2.1449611278819622,1.0063698060894912,2.975450802897915,2.9566177213322753,0.6444444444444444,0.6551226551226551,,0.7515151515151516,0.011,ok
multiclass_3group,pca_slim_subject,lda,3,64,15,42,10,0,264,160,-0.14839719644668864,1.792811294288595,2.1289880409405586,1.387355849575275,4.9824772880491155,3.5913477350273553,0.6,0.6032763532763533,,0.7000000000000001,0.016,ok
multiclass_3group,pca_slim_subject,lda,4,64,15,42,10,0,264,160,-0.02930260186586962,6.827357197639128,3.409845128314781,1.298904639415264,2.6448466964112534,2.0362131415604927,0.5333333333333333,0.5043290043290044,,0.7000000000000001,0.021,ok
multiclass_3group,pca_slim_subject,lda,5,64,15,42,10,0,264,160,-0.0585479866035696,3.4579054209575184,2.235387755951146,1.0493776919773172,2.559267978685354,2.4388435148292382,0.5333333333333333,0.5370370370370371,,0.7000000000000001,0.027,ok
multiclass_3group,pca_slim_subject,plsda,1,62,17,41,11,0,264,160,-0.10804158217631343,2.2795529139949546,2.488537346887895,1.1779398995472699,2.357232320016328,2.0011482087688073,0.5,0.37789661319073087,,0.6742424242424242,0.005,ok
multiclass_3group,pca_slim_subject,plsda,2,62,17,41,11,0,264,160,0.036914277040865535,1.817915798510206,3.641698345485124,1.3957641237785878,3.777844300543896,2.7066495235001335,0.6555555555555556,0.6370370370370371,,0.8297979797979798,0.01,ok
multiclass_3group,pca_slim_subject,plsda,3,64,15,42,10,0,264,160,0.02237139830535263,1.407004880245612,4.610011152201617,1.629450464280018,5.4312879325430075,3.333202236953458,0.6000000000000001,0.5888888888888889,,0.8933333333333332,0.015,ok
multiclass_3group,pca_slim_subject,plsda,4,64,15,42,10,0,264,160,-0.051463828167483724,3.0099799781560996,2.7680351921702018,1.1931300777433238,2.643586057101877,2.215672965098603,0.5333333333333333,0.5333333333333333,,0.7733333333333333,0.02,ok
multiclass_3group,pca_slim_subject,plsda,5,64,15,42,10,0,264,160,0.024983883645112778,1.6420805542547985,3.0596760183020244,1.3476541277278051,2.7915425249520838,2.071408729819073,0.6666666666666666,0.6722222222222222,,0.7866666666666667,0.025,ok
multiclass_3group,pca_slim_subject,nca,1,62,17,41,11,0,264,160,-0.09863769011647144,8.82374818791473,0.6741568958847971,0.5423642553301274,1.524975424018983,2.811718156261529,0.37777777777777777,0.3238095238095238,,0.6131313131313131,0.007,ok
multiclass_3group,pca_slim_subject,nca,2,62,17,41,11,0,264,160,-0.0021269041587181708,2.604531755244198,2.016453308953638,1.000991158824071,4.1780957538904735,4.173958697895746,0.6444444444444444,0.6551226551226551,,0.7833333333333333,0.015,ok
multiclass_3group,pca_slim_subject,nca,3,64,15,42,10,0,264,160,-0.19259092727372465,2.2327223844017285,1.6365798245876029,1.1512424180179472,6.2006455237340985,5.386046784490036,0.6000000000000001,0.5945165945165946,,0.7133333333333334,0.023,ok
multiclass_3group,pca_slim_subject,nca,4,64,15,42,10,0,264,160,-0.042395248840573524,6.439676012736963,3.3983567966765618,1.2164919164334027,3.4341639499921293,2.8230059761191466,0.5333333333333333,0.5,,0.6733333333333333,0.03,ok
multiclass_3group,pca_slim_subject,nca,5,64,15,42,10,0,264,160,-0.0036227995077718705,2.2274305088083315,4.065180764898638,1.4398409773389689,5.744813825735943,3.989894659306875,0.5333333333333333,0.5370370370370371,,0.7266666666666667,0.038,ok
multiclass_3group,pca_slim_subject,rf_proba,1,62,17,41,11,0,264,160,-0.12400750483942229,4.474594593770427,2.662338171531268,1.062681921276338,0.16182855202143,0.1522831515069582,0.5,0.425,,0.7065656565656565,0.168,ok
multiclass_3group,pca_slim_subject,rf_proba,2,62,17,41,11,0,264,160,-0.006683900657392145,2.040912414335516,3.9205382825243342,1.413164029220369,0.19140696067688898,0.13544567843443242,0.6444444444444445,0.6547619047619048,,0.7873737373737374,0.323,ok
multiclass_3group,pca_slim_subject,rf_proba,3,64,15,42,10,0,264,160,0.04320605836500216,1.5163735246166896,4.216773920169695,1.51232539639506,0.1636276025459206,0.10819602906620546,0.6666666666666666,0.6452991452991452,,0.86,0.49,ok
multiclass_3group,pca_slim_subject,rf_proba,4,64,15,42,10,0,264,160,-0.07007208692664894,2.332752320917747,2.6027918915547663,1.154903369254495,0.17701685321191807,0.153274168146366,0.6,0.604040404040404,,0.7533333333333333,0.649,ok
multiclass_3group,pca_slim_subject,rf_proba,5,64,15,42,10,0,264,160,0.0621499910353788,1.3918036318185782,6.29119265681842,1.8957405426193554,0.23784741602703852,0.125464118469716,0.6666666666666666,0.6666666666666666,,0.8266666666666667,0.82,ok
multiclass_3group,pca_raw_subject,pca,1,61,17,41,11,0,8256,160,0.2118563046934472,5.812683168065423,24.746452735461638,3.5222549094073163,16.913987014503004,4.80203376800718,0.6666666666666666,0.6414918414918415,,0.7575757575757575,0.027,ok
multiclass_3group,pca_raw_subject,pca,2,62,16,41,11,0,8256,160,-0.06554060188732933,3.4277155213214026,6.019218921767397,1.756128246011704,9.260869633276174,5.273458618018523,0.5666666666666668,0.5856643356643357,,0.7747474747474747,0.055,ok
multiclass_3group,pca_raw_subject,pca,3,63,15,42,10,0,8256,160,0.09922081897121424,1.5777123680861866,10.971520329603093,2.378066525767822,13.891108207394948,5.8413455035324695,0.5333333333333333,0.5334757834757835,,0.7466666666666667,0.085,ok
multiclass_3group,pca_raw_subject,pca,4,63,15,42,10,0,8256,160,-0.048701402557853275,9.070910363578419,2.113361725336485,1.0387924951276444,5.642076057308661,5.43137930219199,0.3333333333333333,0.33968253968253964,,0.66,0.112,ok
multiclass_3group,pca_raw_subject,pca,5,63,15,42,10,0,8256,160,0.17919577179629148,1.3185399144223375,15.579553151309316,3.259135346372233,12.976481533126695,3.9815718446829496,0.8666666666666667,0.865993265993266,,0.9666666666666667,0.138,ok
multiclass_3group,pca_raw_subject,lda,1,61,17,41,11,0,8256,160,-0.08564672022145815,2.901998376789155,2.4090005994279484,1.0984342245333252,34.49783769213821,31.406375476687987,0.43333333333333335,0.3333333333333333,,0.705050505050505,0.026,ok
multiclass_3group,pca_raw_subject,lda,2,62,16,41,11,0,8256,160,-0.033747150203397525,2.439165160967191,2.2702583539618395,1.2139708441129216,18.392778822066656,15.150923031851487,0.5555555555555556,0.5574074074074074,,0.6313131313131314,0.052,ok
multiclass_3group,pca_raw_subject,lda,3,63,15,42,10,0,8256,160,-0.08991818338279538,2.514850952999275,1.604115335500987,1.016783396623494,63.71254991813174,62.66088739224756,0.13333333333333333,0.10256410256410257,,0.43333333333333335,0.078,ok
multiclass_3group,pca_raw_subject,lda,4,63,15,42,10,0,8256,160,-0.14458790564946014,28.576642894882497,0.35309275308687754,0.5267610326681441,59.67609735431836,113.28874699035283,0.39999999999999997,0.32051282051282054,,0.5800000000000001,0.105,ok
multiclass_3group,pca_raw_subject,lda,5,63,15,42,10,0,8256,160,0.05853196250438406,2.1394280063997844,2.3797961644772085,1.3039799090385824,21.492473825818347,16.48221239977895,0.4000000000000001,0.35327635327635326,,0.5666666666666668,0.132,ok
multiclass_3group,pca_raw_subject,plsda,1,61,17,41,11,0,8256,160,0.22980328004938583,4.309096902974485,37.5641484239842,4.413911110186541,16.278694399607108,3.6880430967535127,0.6666666666666666,0.6414918414918415,,0.8232323232323232,0.025,ok
multiclass_3group,pca_raw_subject,plsda,2,62,16,41,11,0,8256,160,-0.05647681292186231,3.786681506297622,6.700734642143246,1.8480796095914573,9.098521725259546,4.923230405248017,0.6222222222222222,0.6404761904761904,,0.7858585858585858,0.051,ok
multiclass_3group,pca_raw_subject,plsda,3,63,15,42,10,0,8256,160,0.10761812693452424,1.622822934643085,11.558336473138692,2.4168129385790693,13.704626029984638,5.670536519902147,0.5333333333333333,0.5334757834757835,,0.7666666666666666,0.077,ok
multiclass_3group,pca_raw_subject,plsda,4,63,15,42,10,0,8256,160,-0.06614686643759225,3.0821039933906036,2.407268601141443,1.198168035875716,6.180887210387245,5.158614672832399,0.46666666666666673,0.4444444444444444,,0.6733333333333333,0.103,ok
multiclass_3group,pca_raw_subject,plsda,5,63,15,42,10,0,8256,160,0.17399906073841104,1.1306723465961275,17.628507148554046,3.610875152022032,13.041699112891244,3.611783449668179,0.8000000000000002,0.8027065527065527,,0.9333333333333332,0.129,ok
multiclass_3group,pca_raw_subject,nca,1,61,17,41,11,0,8256,160,-0.08564672022145817,2.901998376789153,2.409000599427951,1.0984342245333258,34.49783769213823,31.406375476687987,0.43333333333333335,0.3333333333333333,,0.705050505050505,0.026,ok
multiclass_3group,pca_raw_subject,nca,2,62,16,41,11,0,8256,160,-0.05274561908548539,2.936324955061601,1.8825489082032405,1.102362383636517,16.58418104888466,15.044218938400366,0.48888888888888893,0.5018518518518519,,0.6070707070707071,0.053,ok
multiclass_3group,pca_raw_subject,nca,3,63,15,42,10,0,8256,160,-0.08991818338279534,2.514850952999268,1.6041153355009925,1.0167833966234956,63.71254991813177,62.66088739224749,0.13333333333333333,0.10256410256410257,,0.43333333333333335,0.08,ok
multiclass_3group,pca_raw_subject,nca,4,63,15,42,10,0,8256,160,-0.1445879056494606,28.576642894883424,0.3530927530868778,0.526761032668144,59.67609735431835,113.28874699035285,0.39999999999999997,0.32051282051282054,,0.5800000000000001,0.107,ok
multiclass_3group,pca_raw_subject,nca,5,63,15,42,10,0,8256,160,0.06226790026077699,2.086425385673681,2.475792767152348,1.3282569645892761,21.892789167320984,16.482344720165408,0.4000000000000001,0.35327635327635326,,0.5866666666666667,0.135,ok
multiclass_3group,pca_raw_subject,rf_proba,1,61,17,41,11,0,8256,160,0.08668565334363589,6.882573959368819,8.263751475593889,2.0846507665189042,0.5813297524192597,0.2788619378151309,0.5555555555555555,0.5109557109557109,,0.76010101010101,0.19,ok
multiclass_3group,pca_raw_subject,rf_proba,2,62,16,41,11,0,8256,160,0.05745402500735437,4.216424072791074,9.873265110801515,2.1097464706582127,0.5139486076071772,0.24360680999117024,0.6888888888888888,0.7014245014245014,,0.8202020202020203,0.377,ok
multiclass_3group,pca_raw_subject,rf_proba,3,63,15,42,10,0,8256,160,0.06861885390044603,2.0563171362230093,5.394255791779515,1.798180462798273,0.4764928229012619,0.26498609720170047,0.5333333333333333,0.48789173789173795,,0.7933333333333333,0.564,ok
multiclass_3group,pca_raw_subject,rf_proba,4,63,15,42,10,0,8256,160,0.09660995497402443,2.251664259489893,7.2616014916787455,1.9700457016406523,0.41475144405455416,0.21052884392943247,0.6000000000000001,0.594017094017094,,0.9,0.755,ok
multiclass_3group,pca_raw_subject,rf_proba,5,63,15,42,10,0,8256,160,0.35872371619934434,1.2272784217385204,33.6955400095975,4.3292394304081645,0.6975172300709956,0.16111773009635394,0.8666666666666667,0.8611111111111112,,0.92,0.936,ok
multiclass_3group,pca_cycle_subject,pca,1,62,17,41,11,0,10908,160,-0.07134765130170294,2.4129277143399137,1.3501039310575251,0.8927569502245657,4.724350341286056,5.291866212968361,0.5,0.42857142857142855,,0.6045454545454545,0.04,ok
multiclass_3group,pca_cycle_subject,pca,2,62,17,41,11,0,10908,160,-0.1643936827347491,4.157086841327474,0.8138956080235686,0.7490305243055188,6.979314638623492,9.317797355581106,0.6333333333333333,0.626984126984127,,0.6984848484848486,0.079,ok
multiclass_3group,pca_cycle_subject,pca,3,64,15,42,10,0,10908,160,0.028877305036648284,2.1814773093100386,2.743854071993824,1.3177058893878588,6.4648172850764185,4.90611549750275,0.0,0.0,,0.30666666666666664,0.12,ok
multiclass_3group,pca_cycle_subject,pca,4,64,15,42,10,0,10908,160,-0.12950590757603214,4.451347059778695,0.7247292013893245,0.622318063852261,3.925203994169866,6.307392026951855,0.3333333333333333,0.26406926406926406,,0.5933333333333334,0.159,ok
multiclass_3group,pca_cycle_subject,pca,5,64,15,42,10,0,10908,160,0.01893752005975744,3.4591879611469367,1.3502491904653398,0.91494937762339,6.751390942562767,7.378977578081662,0.6,0.604040404040404,,0.7466666666666667,0.197,ok
multiclass_3group,pca_cycle_subject,lda,1,62,17,41,11,0,10908,160,-0.07243698572247671,2.5071123597015457,1.7319717547994706,0.9702140601416526,5.944612677654497,6.127114542935582,0.3,0.29523809523809524,,0.47676767676767673,0.038,ok
multiclass_3group,pca_cycle_subject,lda,2,62,17,41,11,0,10908,160,-0.04382014670838482,2.228183255439426,2.350251964124298,1.1126551757327923,5.0774142795196715,4.563331380879703,0.27777777777777773,0.25833333333333336,,0.4727272727272727,0.076,ok
multiclass_3group,pca_cycle_subject,lda,3,64,15,42,10,0,10908,160,-0.12802806568817832,3.225862254320345,0.6297573938096109,0.7126779102759001,4.077649725228521,5.72158848539298,0.39999999999999997,0.3666666666666667,,0.64,0.115,ok
multiclass_3group,pca_cycle_subject,lda,4,64,15,42,10,0,10908,160,-0.013942267452548888,3.2363933715015194,1.492778396179472,0.9633841202345804,4.9898285082021845,5.179479714682426,0.4666666666666666,0.4696969696969697,,0.7000000000000001,0.155,ok
multiclass_3group,pca_cycle_subject,lda,5,64,15,42,10,0,10908,160,-0.057257384389273455,2.2638483507518745,3.2159539715213548,1.2939180911831507,9.3385672492166,7.217278522381175,0.4666666666666666,0.4707070707070707,,0.66,0.194,ok
multiclass_3group,pca_cycle_subject,plsda,1,62,17,41,11,0,10908,160,-0.09326813873787904,2.29147622989877,1.2157135447604206,0.8911579100471064,4.47242289870654,5.0186648721662905,0.4444444444444444,0.3540100250626566,,0.6308080808080808,0.038,ok
multiclass_3group,pca_cycle_subject,plsda,2,62,17,41,11,0,10908,160,-0.15183098544263846,4.107375716819443,0.9486810989915075,0.7989706177341487,6.790619380247674,8.499210395878663,0.5777777777777778,0.568061568061568,,0.7085858585858587,0.076,ok
multiclass_3group,pca_cycle_subject,plsda,3,64,15,42,10,0,10908,160,-0.07073622615556824,4.785384771893802,0.9661807968163542,0.7937709653122215,3.4098770046692706,4.295794572591896,0.06666666666666667,0.09523809523809523,,0.35333333333333333,0.115,ok
multiclass_3group,pca_cycle_subject,plsda,4,64,15,42,10,0,10908,160,-0.11655219551693642,4.226572080045965,0.8753901201502837,0.6821874348007666,3.9940010581556273,5.854697484016366,0.4000000000000001,0.3861693861693862,,0.6,0.153,ok
multiclass_3group,pca_cycle_subject,plsda,5,64,15,42,10,0,10908,160,0.0014385978815571465,2.7101423696199576,1.886356910238366,1.07379903046379,6.905815575623144,6.43119930238754,0.6666666666666666,0.6646464646464646,,0.7466666666666667,0.192,ok
multiclass_3group,pca_cycle_subject,nca,1,62,17,41,11,0,10908,160,-0.08568557951174978,2.77853094275941,1.5429579291041349,0.9186768195339202,5.9290668830867075,6.453920200244902,0.24444444444444446,0.23703703703703702,,0.4712121212121212,0.039,ok
multiclass_3group,pca_cycle_subject,nca,2,62,17,41,11,0,10908,160,-0.027134791812080693,2.103252383472642,2.4569733628259596,1.1452657112347584,5.315112960235333,4.640943065085647,0.27777777777777773,0.25833333333333336,,0.494949494949495,0.079,ok
multiclass_3group,pca_cycle_subject,nca,3,64,15,42,10,0,10908,160,-0.13411653092290032,4.0866856806310246,0.49623897972441444,0.6391824088128282,3.9011033922795257,6.103270894962765,0.3333333333333333,0.301994301994302,,0.64,0.119,ok
multiclass_3group,pca_cycle_subject,nca,4,64,15,42,10,0,10908,160,-0.019016793709061452,3.2877822506854817,1.466761404721092,0.9476288334111772,4.980741623350517,5.2560047222511725,0.4666666666666666,0.4696969696969697,,0.7199999999999999,0.16,ok
multiclass_3group,pca_cycle_subject,nca,5,64,15,42,10,0,10908,160,-0.056950339641336424,2.2614891477982932,3.18740812370594,1.2903809540691575,9.355089865390353,7.249866666033394,0.4666666666666666,0.4707070707070707,,0.66,0.2,ok
multiclass_3group,pca_cycle_subject,rf_proba,1,62,17,41,11,0,10908,160,-0.18727247786388965,7.469302939330201,0.5908372955975985,0.5250391068419328,0.132734719604418,0.2528092057805112,0.4444444444444444,0.35348583877995643,,0.5954545454545453,0.188,ok
multiclass_3group,pca_cycle_subject,rf_proba,2,62,17,41,11,0,10908,160,-0.03548939546150861,3.431870423276927,2.326250181774108,1.031008779855022,0.26717390036878813,0.2591383367330368,0.6444444444444445,0.6452991452991452,,0.6893939393939394,0.384,ok
multiclass_3group,pca_cycle_subject,rf_proba,3,64,15,42,10,0,10908,160,-0.14742310907186992,6.861491360840055,0.275464311111063,0.41241990506498577,0.07506911323674753,0.18202107200649967,0.26666666666666666,0.22857142857142856,,0.45999999999999996,0.58,ok
multiclass_3group,pca_cycle_subject,rf_proba,4,64,15,42,10,0,10908,160,-0.13632736171675278,3.4739364911441055,0.8217595496411088,0.6846640672501071,0.17144198828581522,0.2504030757366848,0.5333333333333333,0.48148148148148145,,0.6666666666666666,0.779,ok
multiclass_3group,pca_cycle_subject,rf_proba,5,64,15,42,10,0,10908,160,0.06468534083708898,1.477181529590827,3.916760013642722,1.5909624242255762,0.3017968011118537,0.1896944871333197,0.6000000000000001,0.6071428571428571,,0.8133333333333335,0.984,ok
multiclass_3group,fusion_scalar_cycle,pca,1,62,17,41,11,0,11772,160,-0.07453278131071968,2.2021416896338786,1.3969185510465143,0.9262738954748848,4.569530323909055,4.933238803589876,0.4444444444444444,0.3544973544973545,,0.6474747474747474,0.042,ok
multiclass_3group,fusion_scalar_cycle,pca,2,62,17,41,11,0,11772,160,-0.1540195957311333,3.927666743307304,0.9678067275659908,0.8069317581932934,7.084803500316322,8.779928944895014,0.6444444444444445,0.6452991452991452,,0.6994949494949495,0.084,ok
multiclass_3group,fusion_scalar_cycle,pca,3,64,15,42,10,0,11772,160,0.028269551702750976,2.2483913054980595,2.826648730696863,1.312598645329322,5.965547722924792,4.544837634986342,0.0,0.0,,0.32,0.128,ok
multiclass_3group,fusion_scalar_cycle,pca,4,64,15,42,10,0,11772,160,-0.11461767364923152,4.31635006110593,0.8315785585132882,0.666558335822424,4.002810331940451,6.005191319078829,0.3333333333333333,0.26406926406926406,,0.6,0.17,ok
multiclass_3group,fusion_scalar_cycle,pca,5,64,15,42,10,0,11772,160,0.0363474651799905,3.0066612908536308,1.642259948584891,1.0182314476925387,7.242724076542615,7.1130430050610665,0.6666666666666666,0.6646464646464646,,0.7400000000000001,0.212,ok
multiclass_3group,fusion_scalar_cycle,lda,1,62,17,41,11,0,11772,160,-0.16674789011681035,4.482771769311998,1.6049270647473002,0.8956818205408597,5.742424778737342,6.411232925627278,0.48888888888888893,0.46565656565656566,,0.603030303030303,0.042,ok
multiclass_3group,fusion_scalar_cycle,lda,2,62,17,41,11,0,11772,160,-0.1580664559638254,9.68794772810489,0.2339306040222451,0.31917341356579815,1.7529917853375305,5.492286358544548,0.27777777777777773,0.24444444444444446,,0.5328282828282828,0.084,ok
multiclass_3group,fusion_scalar_cycle,lda,3,64,15,42,10,0,11772,160,-0.08457234520219457,1.92150796725291,2.0766954648703058,1.1292901154988728,7.256479422124644,6.425699935325333,0.6666666666666666,0.6666666666666666,,0.7600000000000001,0.126,ok
multiclass_3group,fusion_scalar_cycle,lda,4,64,15,42,10,0,11772,160,-0.04682505096789904,4.033260025708062,2.5216458357690272,1.1166835621233473,5.152659147731556,4.614251810005958,0.5333333333333333,0.5370370370370371,,0.68,0.169,ok
multiclass_3group,fusion_scalar_cycle,lda,5,64,15,42,10,0,11772,160,-0.10208668254036316,2.179654345347021,2.2518418483588984,1.1450938604286596,10.762997048698166,9.399226928584786,0.4666666666666666,0.4707070707070707,,0.6133333333333334,0.211,ok
multiclass_3group,fusion_scalar_cycle,plsda,1,62,17,41,11,0,11772,160,-0.10344432024539656,2.1103463679361707,1.3664065759128123,0.9556268606400686,4.322807032863255,4.523530272022581,0.4444444444444444,0.3544973544973545,,0.6525252525252525,0.041,ok
multiclass_3group,fusion_scalar_cycle,plsda,2,62,17,41,11,0,11772,160,-0.11868688058885371,3.708811323637082,1.1991765640574217,0.8882257354768239,6.999094313069541,7.879859852644594,0.6444444444444445,0.6452991452991452,,0.7308080808080808,0.083,ok
multiclass_3group,fusion_scalar_cycle,plsda,3,64,15,42,10,0,11772,160,-0.005681284020125144,3.9360110607019583,1.4936962009663708,0.9562010309768213,3.688182677973167,3.8571205829023727,0.20000000000000004,0.2113997113997114,,0.39333333333333337,0.125,ok
multiclass_3group,fusion_scalar_cycle,plsda,4,64,15,42,10,0,11772,160,-0.10414224487963054,3.989525368464166,1.1524599376909959,0.7805609551717375,4.2314743507127615,5.4210684286427835,0.4666666666666666,0.4349206349206349,,0.64,0.168,ok
multiclass_3group,fusion_scalar_cycle,plsda,5,64,15,42,10,0,11772,160,0.02126370754101922,2.3194281345714516,2.445142881604181,1.2373848188225745,7.6251210937942275,6.162287574410249,0.7333333333333334,0.7313131313131315,,0.7333333333333334,0.21,ok
multiclass_3group,fusion_scalar_cycle,nca,1,62,17,41,11,0,11772,160,-0.16674789011681046,4.4827717693120075,1.6049270647473004,0.8956818205408593,5.74242477873734,6.411232925627278,0.48888888888888893,0.46565656565656566,,0.603030303030303,0.042,ok
multiclass_3group,fusion_scalar_cycle,nca,2,62,17,41,11,0,11772,160,-0.17561707579774935,21.918183317329678,0.17313011190639777,0.2670621152513969,1.6861617330661527,6.313743645289775,0.27777777777777773,0.24444444444444446,,0.553030303030303,0.085,ok
multiclass_3group,fusion_scalar_cycle,nca,3,64,15,42,10,0,11772,160,-0.08376698785038879,1.9191998029172364,2.086744301623753,1.1319143814431447,7.276335451428301,6.428344378972613,0.6666666666666666,0.6666666666666666,,0.7600000000000001,0.129,ok
multiclass_3group,fusion_scalar_cycle,nca,4,64,15,42,10,0,11772,160,-0.053413591160661564,4.129452552988537,2.2820464977839716,1.0706502045541928,5.06305391603003,4.728952457575283,0.4000000000000001,0.41737891737891736,,0.6733333333333333,0.175,ok
multiclass_3group,fusion_scalar_cycle,nca,5,64,15,42,10,0,11772,160,-0.10098376329450205,2.188372194371315,2.2300767392528194,1.1400144486713102,10.664218717775919,9.354459261639265,0.4666666666666666,0.4707070707070707,,0.6133333333333334,0.218,ok
multiclass_3group,fusion_scalar_cycle,rf_proba,1,62,17,41,11,0,11772,160,-0.13796091031334826,2.631939032994493,1.8451435035867259,1.040279391653938,0.24555937669610348,0.2360513710703133,0.4444444444444444,0.35833333333333334,,0.6702020202020202,0.2,ok
multiclass_3group,fusion_scalar_cycle,rf_proba,2,62,17,41,11,0,11772,160,0.048306423153090305,2.5083158671154364,3.8501260372106487,1.379301390636792,0.30852750926434575,0.2236838963251575,0.7000000000000001,0.7115384615384616,,0.7545454545454545,0.397,ok
multiclass_3group,fusion_scalar_cycle,rf_proba,3,64,15,42,10,0,11772,160,-0.17967691601211846,4.2434596743319615,0.8469513598009605,0.6926709152365828,0.11050597342211675,0.1595360379529914,0.4666666666666666,0.4666666666666666,,0.6866666666666666,0.585,ok
multiclass_3group,fusion_scalar_cycle,rf_proba,4,64,15,42,10,0,11772,160,0.013522134727425587,2.0939260773632706,4.907876654146665,1.5902505564961746,0.2734578700263826,0.17195898401626525,0.5333333333333333,0.4861111111111111,,0.86,0.791,ok
multiclass_3group,fusion_scalar_cycle,rf_proba,5,64,15,42,10,0,11772,160,0.17583183205411965,1.2601905961790174,6.423617850555311,2.093044915971955,0.37003607891905066,0.17679318589645057,0.7333333333333334,0.7407407407407408,,0.8466666666666667,0.983,ok
multiclass_3group,fusion_scalar_raw,pca,1,61,17,41,11,0,9120,160,0.2155824130721673,6.1683448644561745,23.20227219869536,3.397756515304603,16.526366531691966,4.863905479174809,0.6666666666666666,0.6414918414918415,,0.7727272727272728,0.028,ok
multiclass_3group,fusion_scalar_raw,pca,2,62,16,41,11,0,9120,160,-0.06640332048666706,3.2922781226062043,6.143923963610163,1.7694292512918908,9.310870022614383,5.262075336335915,0.5666666666666668,0.5856643356643357,,0.7691919191919192,0.057,ok
multiclass_3group,fusion_scalar_raw,pca,3,63,15,42,10,0,9120,160,0.10156863650738493,1.5643065539831067,11.314049572900412,2.416339066109864,13.907869594444728,5.755760766155811,0.5333333333333333,0.5334757834757835,,0.7466666666666667,0.087,ok
multiclass_3group,fusion_scalar_raw,pca,4,63,15,42,10,0,9120,160,-0.046807549641778606,9.138253529741265,2.138496533044233,1.0447817882130512,5.66360894119259,5.420853430915346,0.3333333333333333,0.33968253968253964,,0.66,0.116,ok
multiclass_3group,fusion_scalar_raw,pca,5,63,15,42,10,0,9120,160,0.17852649910464718,1.3342303857044797,15.567146277477505,3.246696010512729,13.031365193537226,4.013731236722489,0.8000000000000002,0.7962962962962963,,0.9666666666666667,0.146,ok
multiclass_3group,fusion_scalar_raw,lda,1,61,17,41,11,0,9120,160,-0.08047617789889534,2.5149321701210003,2.6491239844774572,1.1224993297691184,13.226938193139508,11.783470904931495,0.4777777777777777,0.44047619047619047,,0.7429292929292929,0.029,ok
multiclass_3group,fusion_scalar_raw,lda,2,62,16,41,11,0,9120,160,-0.07839992413671593,2.8699836065399915,2.4163037194647785,1.1125620399301217,13.050416844560372,11.730057629307618,0.43333333333333335,0.3852813852813853,,0.5585858585858586,0.058,ok
multiclass_3group,fusion_scalar_raw,lda,3,63,15,42,10,0,9120,160,-0.15489976657542204,2.9403369564810418,1.1063323286041553,0.8791387785135448,63.151656380962,71.83354656217003,0.19999999999999998,0.14285714285714285,,0.43333333333333335,0.087,ok
multiclass_3group,fusion_scalar_raw,lda,4,63,15,42,10,0,9120,160,-0.1616069049174466,7.413796223374347,0.31626218001208706,0.5281805223631489,58.76701757175155,111.26312895602474,0.4666666666666666,0.4444444444444444,,0.6666666666666666,0.117,ok
multiclass_3group,fusion_scalar_raw,lda,5,63,15,42,10,0,9120,160,-0.1403547123886942,3.578907850386831,1.4582969047096301,0.9471568484605721,16.514511361399546,17.435878110622145,0.4000000000000001,0.3636363636363636,,0.62,0.146,ok
multiclass_3group,fusion_scalar_raw,plsda,1,61,17,41,11,0,9120,160,0.24211969562149552,4.449466324918358,36.622372668989854,4.37867220884597,15.843718217456333,3.618384172591914,0.7222222222222223,0.6892736892736893,,0.8535353535353535,0.028,ok
multiclass_3group,fusion_scalar_raw,plsda,2,62,16,41,11,0,9120,160,-0.054580949503541594,3.33475615581742,7.104927170462152,1.908135217398285,9.168003151015808,4.804692595903266,0.6222222222222222,0.6404761904761904,,0.790909090909091,0.057,ok
multiclass_3group,fusion_scalar_raw,plsda,3,63,15,42,10,0,9120,160,0.11016229235592423,1.6135949950080224,11.942754846558005,2.455305994186077,13.72750113351591,5.59095329299944,0.5333333333333333,0.5334757834757835,,0.7600000000000001,0.086,ok
multiclass_3group,fusion_scalar_raw,plsda,4,63,15,42,10,0,9120,160,-0.065647829387747,3.0802841563016776,2.439149937820338,1.206531214323464,6.200335540021565,5.138976485990267,0.46666666666666673,0.4444444444444444,,0.6733333333333333,0.115,ok
multiclass_3group,fusion_scalar_raw,plsda,5,63,15,42,10,0,9120,160,0.17758124046092216,1.1231817276032032,17.532086969233017,3.578421426460232,13.149048236472348,3.67453876148941,0.7333333333333334,0.7407407407407408,,0.9533333333333333,0.145,ok
multiclass_3group,fusion_scalar_raw,nca,1,61,17,41,11,0,9120,160,-0.07756392359079721,2.5365378247115316,2.669703542372705,1.121010298793947,13.103428847920556,11.68894599988782,0.4777777777777777,0.44047619047619047,,0.7277777777777779,0.03,ok
multiclass_3group,fusion_scalar_raw,nca,2,62,16,41,11,0,9120,160,-0.07839992413671582,2.8699836065399915,2.416303719464779,1.1125620399301221,13.05041684456038,11.73005762930762,0.43333333333333335,0.3852813852813853,,0.5585858585858586,0.059,ok
multiclass_3group,fusion_scalar_raw,nca,3,63,15,42,10,0,9120,160,-0.1548997665754221,2.9403369564810418,1.1063323286041549,0.8791387785135445,63.15165638096201,71.83354656217006,0.19999999999999998,0.14285714285714285,,0.43333333333333335,0.089,ok
multiclass_3group,fusion_scalar_raw,nca,4,63,15,42,10,0,9120,160,-0.1616069049174467,7.4137962233743435,0.316262180012087,0.528180522363149,58.76701757175155,111.26312895602472,0.4666666666666666,0.4444444444444444,,0.6666666666666666,0.119,ok
multiclass_3group,fusion_scalar_raw,nca,5,63,15,42,10,0,9120,160,-0.14649691836383932,3.5032324695138755,1.3359226426218633,0.9153620665491086,15.962405248998527,17.438351262660888,0.3333333333333333,0.3212121212121212,,0.6266666666666666,0.15,ok
multiclass_3group,fusion_scalar_raw,rf_proba,1,61,17,41,11,0,9120,160,0.11242966169981213,17.099547595186543,8.851517998384152,2.0528670137635467,0.5519759386870969,0.2688805144153749,0.611111111111111,0.568061568061568,,0.8181818181818182,0.188,ok
multiclass_3group,fusion_scalar_raw,rf_proba,2,62,16,41,11,0,9120,160,0.06997044226431098,3.6474378301883768,10.935200047000809,2.2264549282698054,0.48149631389314346,0.21626142428462175,0.6222222222222222,0.6349206349206349,,0.8151515151515151,0.372,ok
multiclass_3group,fusion_scalar_raw,rf_proba,3,63,15,42,10,0,9120,160,0.14872492155025377,2.132358644479533,7.049034188703832,2.034374820812358,0.5172657027642401,0.25426273343163364,0.5333333333333333,0.48789173789173795,,0.8266666666666667,0.566,ok
multiclass_3group,fusion_scalar_raw,rf_proba,4,63,15,42,10,0,9120,160,0.07652950102388552,2.82641407130934,8.654555031508776,2.144021177471141,0.4167645282817117,0.19438452038672618,0.7333333333333334,0.7407407407407408,,0.9066666666666666,0.761,ok
multiclass_3group,fusion_scalar_raw,rf_proba,5,63,15,42,10,0,9120,160,0.2965484054130526,2.013647803636162,26.0929530882952,3.8638348430384624,0.660235248526536,0.1708756391894165,0.7333333333333334,0.7407407407407408,,0.8733333333333334,0.943,ok
multiclass_3group,fusion_all_common,pca,1,61,17,41,11,0,20292,160,0.21546304539734654,6.430170423022941,22.941890770331575,3.3811032910272067,16.471172699480714,4.871537862564571,0.6666666666666666,0.6414918414918415,,0.7727272727272728,0.072,ok
multiclass_3group,fusion_all_common,pca,2,62,16,41,11,0,20292,160,-0.06640332048666706,3.2922781226062043,6.143923963610163,1.7694292512918908,9.310870022614383,5.262075336335915,0.5666666666666668,0.5856643356643357,,0.7691919191919192,0.15,ok
multiclass_3group,fusion_all_common,pca,3,63,15,42,10,0,20292,160,0.10156863650738493,1.5643065539831067,11.314049572900412,2.416339066109864,13.907869594444728,5.755760766155811,0.5333333333333333,0.5334757834757835,,0.7466666666666667,0.224,ok
multiclass_3group,fusion_all_common,pca,4,63,15,42,10,0,20292,160,-0.046807549641778606,9.138253529741265,2.138496533044233,1.0447817882130512,5.66360894119259,5.420853430915346,0.3333333333333333,0.33968253968253964,,0.66,0.297,ok
multiclass_3group,fusion_all_common,pca,5,63,15,42,10,0,20292,160,0.17852649910464718,1.3342303857044797,15.567146277477505,3.246696010512729,13.031365193537226,4.013731236722489,0.8000000000000002,0.7962962962962963,,0.9666666666666667,0.369,ok
multiclass_3group,fusion_all_common,lda,1,61,17,41,11,0,20292,160,-0.009946650461007048,1.7465939275659235,2.5460426624988366,1.274961277617394,10.599099666032211,8.31327182409764,0.6555555555555556,0.6286676286676286,,0.8247474747474747,0.069,ok
multiclass_3group,fusion_all_common,lda,2,62,16,41,11,0,20292,160,-0.07839992413671593,2.8699836065399915,2.4163037194647785,1.1125620399301217,13.050416844560372,11.730057629307618,0.43333333333333335,0.3852813852813853,,0.5585858585858586,0.14,ok
multiclass_3group,fusion_all_common,lda,3,63,15,42,10,0,20292,160,-0.15489976657542204,2.9403369564810418,1.1063323286041553,0.8791387785135448,63.151656380962,71.83354656217003,0.19999999999999998,0.14285714285714285,,0.43333333333333335,0.211,ok
multiclass_3group,fusion_all_common,lda,4,63,15,42,10,0,20292,160,-0.1616069049174466,7.413796223374347,0.31626218001208706,0.5281805223631489,58.76701757175155,111.26312895602474,0.4666666666666666,0.4444444444444444,,0.6666666666666666,0.282,ok
multiclass_3group,fusion_all_common,lda,5,63,15,42,10,0,20292,160,-0.1403547123886942,3.578907850386831,1.4582969047096301,0.9471568484605721,16.514511361399546,17.435878110622145,0.4000000000000001,0.3636363636363636,,0.62,0.353,ok
multiclass_3group,fusion_all_common,plsda,1,61,17,41,11,0,20292,160,0.24438502871263978,4.507000168154236,36.40981311626865,4.377916457125181,15.802820196073876,3.609666915949103,0.7222222222222223,0.6892736892736893,,0.8484848484848485,0.069,ok
multiclass_3group,fusion_all_common,plsda,2,62,16,41,11,0,20292,160,-0.054580949503541594,3.33475615581742,7.104927170462152,1.908135217398285,9.168003151015808,4.804692595903266,0.6222222222222222,0.6404761904761904,,0.790909090909091,0.139,ok
multiclass_3group,fusion_all_common,plsda,3,63,15,42,10,0,20292,160,0.11016229235592423,1.6135949950080224,11.942754846558005,2.455305994186077,13.72750113351591,5.59095329299944,0.5333333333333333,0.5334757834757835,,0.7600000000000001,0.211,ok
multiclass_3group,fusion_all_common,plsda,4,63,15,42,10,0,20292,160,-0.065647829387747,3.0802841563016776,2.439149937820338,1.206531214323464,6.200335540021565,5.138976485990267,0.46666666666666673,0.4444444444444444,,0.6733333333333333,0.282,ok
multiclass_3group,fusion_all_common,plsda,5,63,15,42,10,0,20292,160,0.17758124046092216,1.1231817276032032,17.532086969233017,3.578421426460232,13.149048236472348,3.67453876148941,0.7333333333333334,0.7407407407407408,,0.9533333333333333,0.352,ok
multiclass_3group,fusion_all_common,nca,1,61,17,41,11,0,20292,160,0.009940895582657316,1.6497515731684327,2.685036715203407,1.3139171811683001,10.848569805509804,8.256661805627312,0.6555555555555556,0.6286676286676286,,0.8146464646464646,0.07,ok
multiclass_3group,fusion_all_common,nca,2,62,16,41,11,0,20292,160,-0.07839992413671582,2.8699836065399915,2.416303719464779,1.1125620399301221,13.05041684456038,11.73005762930762,0.43333333333333335,0.3852813852813853,,0.5585858585858586,0.14,ok
multiclass_3group,fusion_all_common,nca,3,63,15,42,10,0,20292,160,-0.1548997665754221,2.9403369564810418,1.1063323286041549,0.8791387785135445,63.15165638096201,71.83354656217006,0.19999999999999998,0.14285714285714285,,0.43333333333333335,0.212,ok
multiclass_3group,fusion_all_common,nca,4,63,15,42,10,0,20292,160,-0.1616069049174467,7.4137962233743435,0.316262180012087,0.528180522363149,58.76701757175155,111.26312895602472,0.4666666666666666,0.4444444444444444,,0.6666666666666666,0.284,ok
multiclass_3group,fusion_all_common,nca,5,63,15,42,10,0,20292,160,-0.14649691836383932,3.5032324695138755,1.3359226426218633,0.9153620665491086,15.962405248998527,17.438351262660888,0.3333333333333333,0.3212121212121212,,0.6266666666666666,0.356,ok
multiclass_3group,fusion_all_common,rf_proba,1,61,17,41,11,0,20292,160,0.11897350070194997,12.576419952456888,9.093666845909027,2.1167186071427384,0.5625456281797582,0.2657630666076644,0.611111111111111,0.568061568061568,,0.8232323232323232,0.232,ok
multiclass_3group,fusion_all_common,rf_proba,2,62,16,41,11,0,20292,160,0.06997044226431098,3.6474378301883923,10.935200047000807,2.226454928269805,0.48149631389314346,0.21626142428462178,0.6222222222222222,0.6349206349206349,,0.8151515151515151,0.463,ok
multiclass_3group,fusion_all_common,rf_proba,3,63,15,42,10,0,20292,160,0.14872492155025366,2.1323586444795315,7.049034188703833,2.034374820812358,0.5172657027642401,0.25426273343163364,0.5333333333333333,0.48789173789173795,,0.8266666666666667,0.697,ok
multiclass_3group,fusion_all_common,rf_proba,4,63,15,42,10,0,20292,160,0.07652950102388548,2.8264140713093386,8.654555031508776,2.1440211774711413,0.4167645282817117,0.19438452038672616,0.7333333333333334,0.7407407407407408,,0.9066666666666666,0.926,ok
multiclass_3group,fusion_all_common,rf_proba,5,63,15,42,10,0,20292,160,0.29654840541305244,2.013647803636162,26.0929530882952,3.8638348430384624,0.660235248526536,0.1708756391894165,0.7333333333333334,0.7407407407407408,,0.8733333333333334,1.155,ok
