task,feature_set,method,fold,group_a,group_b,centroid_distance,within_scatter,distance_within_ratio
binary_acl_vs_ha,scalar_pivot,pca,1,ACL,HA,3.242711141441171,3.491510668138127,0.9287415819841588
binary_acl_vs_ha,scalar_pivot,pca,2,ACL,HA,6.044252165561807,5.735810014030047,1.0537748200824812
binary_acl_vs_ha,scalar_pivot,pca,3,ACL,HA,5.698804359561624,2.6880927097918197,2.1200177876316513
binary_acl_vs_ha,scalar_pivot,pca,4,ACL,HA,4.357948291540832,3.0511978260656583,1.4282745793510714
binary_acl_vs_ha,scalar_pivot,pca,5,ACL,HA,7.470353031035687,5.180119252556237,1.4421198947011282
binary_acl_vs_ha,scalar_pivot,lda,1,ACL,HA,2.8023914883856134,1.3163315377021976,2.1289404744320706
binary_acl_vs_ha,scalar_pivot,lda,2,ACL,HA,5.423893769654537,2.9681474785502835,1.8273666685537138
binary_acl_vs_ha,scalar_pivot,lda,3,ACL,HA,1.2811412727109424,1.6723680443659865,0.766064190850189
binary_acl_vs_ha,scalar_pivot,lda,4,ACL,HA,1.5435488138315114,1.7432162241105664,0.8854603304412622
binary_acl_vs_ha,scalar_pivot,lda,5,ACL,HA,3.6572709618249557,2.3292178732864683,1.5701712595329855
binary_acl_vs_ha,scalar_pivot,plsda,1,ACL,HA,3.245057456788008,3.149347887479136,1.030390281648269
binary_acl_vs_ha,scalar_pivot,plsda,2,ACL,HA,6.161042376767352,9.645481235977963,0.6387490915213707
binary_acl_vs_ha,scalar_pivot,plsda,3,ACL,HA,5.368177098377281,2.741084666752381,1.9584134570850236
binary_acl_vs_ha,scalar_pivot,plsda,4,ACL,HA,4.806088339486495,2.567808674512169,1.871669173482932
binary_acl_vs_ha,scalar_pivot,plsda,5,ACL,HA,6.907841231770478,4.081576609263596,1.6924443402807525
binary_acl_vs_ha,scalar_pivot,nca,1,ACL,HA,4.5797725114668,3.7600668043773555,1.2180029637067
binary_acl_vs_ha,scalar_pivot,nca,2,ACL,HA,2.5246434471237036,13.48759066381028,0.18718268592609297
binary_acl_vs_ha,scalar_pivot,nca,3,ACL,HA,7.324486624694185,3.1218174948807254,2.346225119407254
binary_acl_vs_ha,scalar_pivot,nca,4,ACL,HA,7.1045516577304255,3.689262975908321,1.9257373909435767
binary_acl_vs_ha,scalar_pivot,nca,5,ACL,HA,7.918393296349092,5.558622337647907,1.4245244262627323
binary_acl_vs_ha,scalar_pivot,rf_proba,1,ACL,HA,0.3369450836837088,0.16609952345807222,2.0285734520410132
binary_acl_vs_ha,scalar_pivot,rf_proba,2,ACL,HA,0.4980478485922258,0.14843829931056252,3.355251649375276
binary_acl_vs_ha,scalar_pivot,rf_proba,3,ACL,HA,0.4379329503261015,0.11013726597385441,3.976246790346719
binary_acl_vs_ha,scalar_pivot,rf_proba,4,ACL,HA,0.4738185518609749,0.07218521430865159,6.56392803427871
binary_acl_vs_ha,scalar_pivot,rf_proba,5,ACL,HA,0.48133543881306295,0.10508516119685281,4.580432035607692
binary_acl_vs_ha,pca_slim_subject,pca,1,ACL,HA,1.1266097131532835,2.5391398927013697,0.4436973781522108
binary_acl_vs_ha,pca_slim_subject,pca,2,ACL,HA,2.0379647431563184,2.538902147542324,0.8026952693427288
binary_acl_vs_ha,pca_slim_subject,pca,3,ACL,HA,3.69009414537747,6.573981316897873,0.5613180152934705
binary_acl_vs_ha,pca_slim_subject,pca,4,ACL,HA,0.4800775390576208,1.9794569266935853,0.24252992453820418
binary_acl_vs_ha,pca_slim_subject,pca,5,ACL,HA,1.8021185861351974,2.281827568073442,0.7897698368403598
binary_acl_vs_ha,pca_slim_subject,lda,1,ACL,HA,1.448003924056529,0.9025048474910196,1.6044278632763105
binary_acl_vs_ha,pca_slim_subject,lda,2,ACL,HA,2.3244611644290925,1.5008615629193076,1.5487512118758051
binary_acl_vs_ha,pca_slim_subject,lda,3,ACL,HA,1.3124615192025133,1.7286676622129584,0.7592329907544879
binary_acl_vs_ha,pca_slim_subject,lda,4,ACL,HA,3.2215785184096175,1.2766654550236338,2.523432043792537
binary_acl_vs_ha,pca_slim_subject,lda,5,ACL,HA,3.5567069630332657,1.6435185680596438,2.164080791148197
binary_acl_vs_ha,pca_slim_subject,plsda,1,ACL,HA,2.5738925061121427,2.029124774015785,1.2684742402598648
binary_acl_vs_ha,pca_slim_subject,plsda,2,ACL,HA,3.890221677499,2.307707717528038,1.6857514701498306
binary_acl_vs_ha,pca_slim_subject,plsda,3,ACL,HA,4.048928329715095,4.263412890720213,0.9496918158051343
binary_acl_vs_ha,pca_slim_subject,plsda,4,ACL,HA,3.527873922056231,2.0291272101072253,1.7386164378870101
binary_acl_vs_ha,pca_slim_subject,plsda,5,ACL,HA,4.092264258936987,1.9796021728252804,2.0672154815310813
binary_acl_vs_ha,pca_slim_subject,nca,1,ACL,HA,2.0881997978962565,4.659006204374607,0.4482071296525698
binary_acl_vs_ha,pca_slim_subject,nca,2,ACL,HA,3.7456926217833577,3.15518994058891,1.1871528156191546
binary_acl_vs_ha,pca_slim_subject,nca,3,ACL,HA,3.9729345186125937,6.414770990526937,0.6193415983952749
binary_acl_vs_ha,pca_slim_subject,nca,4,ACL,HA,4.841144156067473,2.9724783517555253,1.6286558161839348
binary_acl_vs_ha,pca_slim_subject,nca,5,ACL,HA,6.178847277695792,4.549150907596762,1.3582418792433444
binary_acl_vs_ha,pca_slim_subject,rf_proba,1,ACL,HA,0.15937242817811667,0.15156013901240342,1.051545803643489
binary_acl_vs_ha,pca_slim_subject,rf_proba,2,ACL,HA,0.2580808428402114,0.11625767895027105,2.2199036241778476
binary_acl_vs_ha,pca_slim_subject,rf_proba,3,ACL,HA,0.2230562650783741,0.11970044119609394,1.8634539927297515
binary_acl_vs_ha,pca_slim_subject,rf_proba,4,ACL,HA,0.19151685578047548,0.12617865818421017,1.5178228912600817
binary_acl_vs_ha,pca_slim_subject,rf_proba,5,ACL,HA,0.22940743584917725,0.12161312409151544,1.8863707150269835
binary_acl_vs_ha,pca_raw_subject,pca,1,ACL,HA,24.607919920764548,4.835916177997921,5.08857453582917
binary_acl_vs_ha,pca_raw_subject,pca,2,ACL,HA,13.85881524129116,5.480518762480127,2.5287415009267407
binary_acl_vs_ha,pca_raw_subject,pca,3,ACL,HA,19.82477752534328,4.87501244196552,4.066610652043849
binary_acl_vs_ha,pca_raw_subject,pca,4,ACL,HA,8.277456054880702,5.533898074310554,1.495773132018149
binary_acl_vs_ha,pca_raw_subject,pca,5,ACL,HA,18.62394027071142,4.671865229873299,3.986403578516005
binary_acl_vs_ha,pca_raw_subject,lda,1,ACL,HA,29.4822959043606,16.505209776707442,1.786241817172584
binary_acl_vs_ha,pca_raw_subject,lda,2,ACL,HA,33.50748810763293,31.96287603393428,1.048325190513481
binary_acl_vs_ha,pca_raw_subject,lda,3,ACL,HA,9.91967180527428,6.142908831707951,1.6148167060646825
binary_acl_vs_ha,pca_raw_subject,lda,4,ACL,HA,3.222466294223141,17.386591821614513,0.1853420340964733
binary_acl_vs_ha,pca_raw_subject,lda,5,ACL,HA,28.9641852902403,15.166862115216754,1.9097018928642358
binary_acl_vs_ha,pca_raw_subject,plsda,1,ACL,HA,23.622483476642916,4.709707848154112,5.015700386999872
binary_acl_vs_ha,pca_raw_subject,plsda,2,ACL,HA,13.68649851328026,5.2686281649530144,2.597734758418336
binary_acl_vs_ha,pca_raw_subject,plsda,3,ACL,HA,19.608639670665948,4.435017042953166,4.421322281460513
binary_acl_vs_ha,pca_raw_subject,plsda,4,ACL,HA,8.398896713563165,5.351328647660082,1.5694974587732826
binary_acl_vs_ha,pca_raw_subject,plsda,5,ACL,HA,18.532945757633183,4.321302420131308,4.288740744293948
binary_acl_vs_ha,pca_raw_subject,nca,1,ACL,HA,32.92338835352491,9.276256165239133,3.5492107771773873
binary_acl_vs_ha,pca_raw_subject,nca,2,ACL,HA,19.3610954926073,7.070204671570231,2.7384066504410502
binary_acl_vs_ha,pca_raw_subject,nca,3,ACL,HA,23.425843223158257,6.216307279722311,3.7684500088297943
binary_acl_vs_ha,pca_raw_subject,nca,4,ACL,HA,10.236011343990265,6.08572830401941,1.6819698206424594
binary_acl_vs_ha,pca_raw_subject,nca,5,ACL,HA,20.495537141612946,4.688584337200029,4.371370048523571
binary_acl_vs_ha,pca_raw_subject,rf_proba,1,ACL,HA,0.9776406239666049,0.2753259610925307,3.5508479479639132
binary_acl_vs_ha,pca_raw_subject,rf_proba,2,ACL,HA,0.8482265825967948,0.1967606405211481,4.310956603669046
binary_acl_vs_ha,pca_raw_subject,rf_proba,3,ACL,HA,0.9067982592041381,0.17289764957535633,5.244711315806037
binary_acl_vs_ha,pca_raw_subject,rf_proba,4,ACL,HA,0.6915587618951166,0.20348515959830404,3.3985709978079424
binary_acl_vs_ha,pca_raw_subject,rf_proba,5,ACL,HA,1.0200870912968314,0.1339571199527505,7.615027044897931
binary_acl_vs_ha,pca_cycle_subject,pca,1,ACL,HA,4.332127342595188,5.87194354572526,0.7377671990305409
binary_acl_vs_ha,pca_cycle_subject,pca,2,ACL,HA,5.728197810482289,6.345267874599491,0.9027511404857511
binary_acl_vs_ha,pca_cycle_subject,pca,3,ACL,HA,8.944875115821457,6.7565374492815,1.3238844871307076
binary_acl_vs_ha,pca_cycle_subject,pca,4,ACL,HA,4.834146504694418,7.169218745402256,0.6742919523545909
binary_acl_vs_ha,pca_cycle_subject,pca,5,ACL,HA,7.008639485181469,7.004256058501878,1.00062582330557
binary_acl_vs_ha,pca_cycle_subject,lda,1,ACL,HA,2.447950152616274,3.1413957196840796,0.7792555828854496
binary_acl_vs_ha,pca_cycle_subject,lda,2,ACL,HA,7.379757295751481,4.015543491679681,1.8377978749433408
binary_acl_vs_ha,pca_cycle_subject,lda,3,ACL,HA,0.11120893237414098,2.7578367625019964,0.04032469719971705
binary_acl_vs_ha,pca_cycle_subject,lda,4,ACL,HA,4.69841631157561,4.894695258594731,0.9598996593966765
binary_acl_vs_ha,pca_cycle_subject,lda,5,ACL,HA,0.1284040434394247,9.195254595457053,0.013964164026830006
binary_acl_vs_ha,pca_cycle_subject,plsda,1,ACL,HA,3.993702240092902,4.924984290391942,0.810906594744706
binary_acl_vs_ha,pca_cycle_subject,plsda,2,ACL,HA,6.200524262712372,6.18213159540628,1.0029751335801003
binary_acl_vs_ha,pca_cycle_subject,plsda,3,ACL,HA,4.6097742880074914,4.427559754511091,1.041154618706331
binary_acl_vs_ha,pca_cycle_subject,plsda,4,ACL,HA,5.0819903214870905,7.142455600545329,0.7115186436859444
binary_acl_vs_ha,pca_cycle_subject,plsda,5,ACL,HA,8.111443054297107,6.1026208800400905,1.3291736802506104
binary_acl_vs_ha,pca_cycle_subject,nca,1,ACL,HA,4.072749995107527,6.835073645153213,0.5958604408008882
binary_acl_vs_ha,pca_cycle_subject,nca,2,ACL,HA,0.2638614658702659,7.573063747869098,0.03484210283381161
binary_acl_vs_ha,pca_cycle_subject,nca,3,ACL,HA,9.517368515133642,7.054404232515504,1.3491385241670335
binary_acl_vs_ha,pca_cycle_subject,nca,4,ACL,HA,6.838512609938698,9.661365543679917,0.7078205020833915
binary_acl_vs_ha,pca_cycle_subject,nca,5,ACL,HA,12.185356974754587,9.053927468934887,1.3458642137971626
binary_acl_vs_ha,pca_cycle_subject,rf_proba,1,ACL,HA,0.14238938662924347,0.25366322806127395,0.5613323922332504
binary_acl_vs_ha,pca_cycle_subject,rf_proba,2,ACL,HA,0.2630296525283652,0.23909481784125539,1.1001060370241946
binary_acl_vs_ha,pca_cycle_subject,rf_proba,3,ACL,HA,0.1085389250092503,0.18820102195943836,0.5767180426503897
binary_acl_vs_ha,pca_cycle_subject,rf_proba,4,ACL,HA,0.20397039589643193,0.27915241631112436,0.730677522307743
binary_acl_vs_ha,pca_cycle_subject,rf_proba,5,ACL,HA,0.3779405313347615,0.15883112070184305,2.3795118341085657
binary_acl_vs_ha,fusion_scalar_cycle,pca,1,ACL,HA,4.271689031971838,5.7353095715267735,0.7448053115003327
binary_acl_vs_ha,fusion_scalar_cycle,pca,2,ACL,HA,6.0357001663510585,5.979234605040281,1.009443610267973
binary_acl_vs_ha,fusion_scalar_cycle,pca,3,ACL,HA,8.095095543313777,6.508488423538595,1.2437750544407606
binary_acl_vs_ha,fusion_scalar_cycle,pca,4,ACL,HA,5.216043876802849,6.746552772761876,0.7731420849269555
binary_acl_vs_ha,fusion_scalar_cycle,pca,5,ACL,HA,8.281654325827434,6.7194942141412595,1.2324818002519577
binary_acl_vs_ha,fusion_scalar_cycle,lda,1,ACL,HA,0.310929025976447,2.7485322587295578,0.11312547814889623
binary_acl_vs_ha,fusion_scalar_cycle,lda,2,ACL,HA,3.1156817237679753,4.3607807052195655,0.714477964929241
binary_acl_vs_ha,fusion_scalar_cycle,lda,3,ACL,HA,4.522353643093875,3.5701439864677256,1.2667146367864728
binary_acl_vs_ha,fusion_scalar_cycle,lda,4,ACL,HA,4.953565936731733,3.456767616717116,1.4330051903911674
binary_acl_vs_ha,fusion_scalar_cycle,lda,5,ACL,HA,10.743220528929267,2.8294152798730163,3.7969755112835264
binary_acl_vs_ha,fusion_scalar_cycle,plsda,1,ACL,HA,3.9192105054252857,4.34989919965449,0.9009888104387767
binary_acl_vs_ha,fusion_scalar_cycle,plsda,2,ACL,HA,7.821457743006225,5.4966453107176765,1.4229511458117
binary_acl_vs_ha,fusion_scalar_cycle,plsda,3,ACL,HA,2.433454283405771,4.338145364385434,0.5609434629331532
binary_acl_vs_ha,fusion_scalar_cycle,plsda,4,ACL,HA,5.812114440204931,6.039495252502551,0.9623510239198547
binary_acl_vs_ha,fusion_scalar_cycle,plsda,5,ACL,HA,9.12098374706376,5.9959975895158,1.5211786880988913
binary_acl_vs_ha,fusion_scalar_cycle,nca,1,ACL,HA,3.230182693878988,6.748564009068587,0.4786474114401719
binary_acl_vs_ha,fusion_scalar_cycle,nca,2,ACL,HA,7.2007135925244965,6.642401403237383,1.084052762757608
binary_acl_vs_ha,fusion_scalar_cycle,nca,3,ACL,HA,10.104238644551769,8.361045308001176,1.2084898804318678
binary_acl_vs_ha,fusion_scalar_cycle,nca,4,ACL,HA,7.280173285855243,8.090779014420395,0.8998111643983367
binary_acl_vs_ha,fusion_scalar_cycle,nca,5,ACL,HA,10.92533333486062,8.94897568702934,1.220847359178304
binary_acl_vs_ha,fusion_scalar_cycle,rf_proba,1,ACL,HA,0.28594544856507476,0.22899940773518465,1.2486733105255128
binary_acl_vs_ha,fusion_scalar_cycle,rf_proba,2,ACL,HA,0.39984605975493787,0.19458822469230994,2.0548317370549487
binary_acl_vs_ha,fusion_scalar_cycle,rf_proba,3,ACL,HA,0.0839604378613722,0.1440020673642876,0.5830502255844301
binary_acl_vs_ha,fusion_scalar_cycle,rf_proba,4,ACL,HA,0.3876812208112612,0.21768290930283,1.780944687173111
binary_acl_vs_ha,fusion_scalar_cycle,rf_proba,5,ACL,HA,0.5318465751319855,0.14431856916416425,3.6852262201061814
binary_acl_vs_ha,fusion_scalar_raw,pca,1,ACL,HA,24.418403472828643,4.8416157801840205,5.043440987773001
binary_acl_vs_ha,fusion_scalar_raw,pca,2,ACL,HA,13.825479701129856,5.449353486897542,2.537086231306507
binary_acl_vs_ha,fusion_scalar_raw,pca,3,ACL,HA,19.86545712754705,4.799724463614364,4.13887448709663
binary_acl_vs_ha,fusion_scalar_raw,pca,4,ACL,HA,8.31054448462013,5.526580615031045,1.5037407510201402
binary_acl_vs_ha,fusion_scalar_raw,pca,5,ACL,HA,18.61970168379352,4.6713276957465455,3.9859549354132437
binary_acl_vs_ha,fusion_scalar_raw,lda,1,ACL,HA,18.32890000719158,11.811144619375384,1.5518309696355983
binary_acl_vs_ha,fusion_scalar_raw,lda,2,ACL,HA,15.726958001820915,14.380295251890445,1.0936463908662402
binary_acl_vs_ha,fusion_scalar_raw,lda,3,ACL,HA,15.409274253894742,7.927983832033498,1.943656114891738
binary_acl_vs_ha,fusion_scalar_raw,lda,4,ACL,HA,5.224692096101719,18.013413514345515,0.29004453220045606
binary_acl_vs_ha,fusion_scalar_raw,lda,5,ACL,HA,21.2687551449067,9.238375136904912,2.3022181747029884
binary_acl_vs_ha,fusion_scalar_raw,plsda,1,ACL,HA,23.412542718810563,4.622375006779206,5.065046147158889
binary_acl_vs_ha,fusion_scalar_raw,plsda,2,ACL,HA,13.682194635138407,5.276668893815234,2.5929606178578424
binary_acl_vs_ha,fusion_scalar_raw,plsda,3,ACL,HA,19.65498611512295,4.270634496852449,4.6023573615604665
binary_acl_vs_ha,fusion_scalar_raw,plsda,4,ACL,HA,8.436469725666102,5.275578633737971,1.5991553365755646
binary_acl_vs_ha,fusion_scalar_raw,plsda,5,ACL,HA,18.597058446547766,4.299183384237534,4.325718813189444
binary_acl_vs_ha,fusion_scalar_raw,nca,1,ACL,HA,29.91989245502989,6.753792509799154,4.430087600650861
binary_acl_vs_ha,fusion_scalar_raw,nca,2,ACL,HA,16.14897968195558,6.873280419237116,2.3495301656480354
binary_acl_vs_ha,fusion_scalar_raw,nca,3,ACL,HA,25.600211595269123,7.460836247079595,3.431279115030818
binary_acl_vs_ha,fusion_scalar_raw,nca,4,ACL,HA,8.621313435455146,5.046560826122999,1.7083542104214442
binary_acl_vs_ha,fusion_scalar_raw,nca,5,ACL,HA,21.215346008725124,4.871498966405974,4.354993433238288
binary_acl_vs_ha,fusion_scalar_raw,rf_proba,1,ACL,HA,0.9568462126727235,0.2721438935153737,3.51595694583781
binary_acl_vs_ha,fusion_scalar_raw,rf_proba,2,ACL,HA,0.8454755995036272,0.1752611451088652,4.824090353731579
binary_acl_vs_ha,fusion_scalar_raw,rf_proba,3,ACL,HA,0.9585880478065176,0.16533921511696004,5.797705324344365
binary_acl_vs_ha,fusion_scalar_raw,rf_proba,4,ACL,HA,0.7579876863748549,0.19297302718205397,3.9279462909588743
binary_acl_vs_ha,fusion_scalar_raw,rf_proba,5,ACL,HA,1.0169727435116744,0.13291186425708065,7.651482049372405
binary_acl_vs_ha,fusion_all_common,pca,1,ACL,HA,24.36934838859921,4.839572262217001,5.035434345893131
binary_acl_vs_ha,fusion_all_common,pca,2,ACL,HA,13.825479701129856,5.449353486897542,2.537086231306507
binary_acl_vs_ha,fusion_all_common,pca,3,ACL,HA,19.76203974127921,4.783234985349199,4.131521826088267
binary_acl_vs_ha,fusion_all_common,pca,4,ACL,HA,8.31054448462013,5.526580615031045,1.5037407510201402
binary_acl_vs_ha,fusion_all_common,pca,5,ACL,HA,18.61970168379352,4.6713276957465455,3.9859549354132437
binary_acl_vs_ha,fusion_all_common,lda,1,ACL,HA,17.73724120103452,8.43673407363272,2.1023823965802864
binary_acl_vs_ha,fusion_all_common,lda,2,ACL,HA,15.726958001820915,14.380295251890445,1.0936463908662402
binary_acl_vs_ha,fusion_all_common,lda,3,ACL,HA,15.44427618538855,8.074044920219485,1.9128301041169722
binary_acl_vs_ha,fusion_all_common,lda,4,ACL,HA,5.224692096101719,18.013413514345515,0.29004453220045606
binary_acl_vs_ha,fusion_all_common,lda,5,ACL,HA,21.2687551449067,9.238375136904912,2.3022181747029884
binary_acl_vs_ha,fusion_all_common,plsda,1,ACL,HA,23.36551042754928,4.5450620821637395,5.14085616547306
binary_acl_vs_ha,fusion_all_common,plsda,2,ACL,HA,13.682194635138407,5.276668893815234,2.5929606178578424
binary_acl_vs_ha,fusion_all_common,plsda,3,ACL,HA,19.543397661514724,4.22057050811765,4.630510880916658
binary_acl_vs_ha,fusion_all_common,plsda,4,ACL,HA,8.436469725666102,5.275578633737971,1.5991553365755646
binary_acl_vs_ha,fusion_all_common,plsda,5,ACL,HA,18.597058446547766,4.299183384237534,4.325718813189444
binary_acl_vs_ha,fusion_all_common,nca,1,ACL,HA,26.816914510493515,5.915915958351115,4.533011405045032
binary_acl_vs_ha,fusion_all_common,nca,2,ACL,HA,16.14897968195558,6.873280419237116,2.3495301656480354
binary_acl_vs_ha,fusion_all_common,nca,3,ACL,HA,25.337665405002337,6.579992308317641,3.8507135294023804
binary_acl_vs_ha,fusion_all_common,nca,4,ACL,HA,8.621313435455146,5.046560826122999,1.7083542104214442
binary_acl_vs_ha,fusion_all_common,nca,5,ACL,HA,21.215346008725124,4.871498966405974,4.354993433238288
binary_acl_vs_ha,fusion_all_common,rf_proba,1,ACL,HA,0.9328039333538751,0.2901564512543496,3.2148309276645524
binary_acl_vs_ha,fusion_all_common,rf_proba,2,ACL,HA,0.8454755995036272,0.1752611451088652,4.824090353731579
binary_acl_vs_ha,fusion_all_common,rf_proba,3,ACL,HA,0.9378831422899492,0.15285441640350017,6.135793550211565
binary_acl_vs_ha,fusion_all_common,rf_proba,4,ACL,HA,0.7579876863748549,0.19297302718205397,3.9279462909588743
binary_acl_vs_ha,fusion_all_common,rf_proba,5,ACL,HA,1.0169727435116744,0.13291186425708065,7.651482049372405
multiclass_3group,scalar_pivot,pca,1,ACLD,ACLR,2.7270647551228926,3.0392736294447875,0.8972751675607014
multiclass_3group,scalar_pivot,pca,1,ACLD,HA,2.08288926461319,2.8473681260568324,0.731513865577217
multiclass_3group,scalar_pivot,pca,1,ACLR,HA,4.218412748129434,3.7632929649600944,1.1209365806507614
multiclass_3group,scalar_pivot,pca,2,ACLD,ACLR,5.664993053482914,7.38947111894262,0.7666303802123168
multiclass_3group,scalar_pivot,pca,2,ACLD,HA,2.892738208291588,7.421602246240138,0.38977273536278234
multiclass_3group,scalar_pivot,pca,2,ACLR,HA,8.230445739566314,6.494541933512912,1.2672865652149923
multiclass_3group,scalar_pivot,pca,3,ACLD,ACLR,2.6488007971315755,2.8437756035188593,0.9314380480140473
multiclass_3group,scalar_pivot,pca,3,ACLD,HA,5.766943776001223,2.319586731637846,2.486194500659701
multiclass_3group,scalar_pivot,pca,3,ACLR,HA,5.917054296177778,2.30781723161346,2.563918067307695
multiclass_3group,scalar_pivot,pca,4,ACLD,ACLR,2.236509982057373,3.0261852767185777,0.7390525620699988
multiclass_3group,scalar_pivot,pca,4,ACLD,HA,3.505899665640021,2.882649521903306,1.216207394968087
multiclass_3group,scalar_pivot,pca,4,ACLR,HA,5.737382498874409,3.060384366633705,1.874726116571197
multiclass_3group,scalar_pivot,pca,5,ACLD,ACLR,2.1069165873904736,4.592112877591086,0.458812020425707
multiclass_3group,scalar_pivot,pca,5,ACLD,HA,25.75471025354556,24.001331546196983,1.0730533930575366
multiclass_3group,scalar_pivot,pca,5,ACLR,HA,27.52368062610794,24.07708888625283,1.1431481918822417
multiclass_3group,scalar_pivot,lda,1,ACLD,ACLR,2.5045671782266457,2.69060847328605,0.9308553076723974
multiclass_3group,scalar_pivot,lda,1,ACLD,HA,3.0163899700476025,2.11772349651033,1.4243549618343148
multiclass_3group,scalar_pivot,lda,1,ACLR,HA,2.500967871422698,2.838389837727726,0.8811220496141745
multiclass_3group,scalar_pivot,lda,2,ACLD,ACLR,15.404957424481513,14.918711635629075,1.0325930147809264
multiclass_3group,scalar_pivot,lda,2,ACLD,HA,10.77552669409234,14.339052215922225,0.7514810973438739
multiclass_3group,scalar_pivot,lda,2,ACLR,HA,6.858551008277441,4.608087554917692,1.4883725464283082
multiclass_3group,scalar_pivot,lda,3,ACLD,ACLR,2.055498195525226,3.1284219731665046,0.657039943190498
multiclass_3group,scalar_pivot,lda,3,ACLD,HA,1.2470764514199928,3.0758217403206314,0.40544496941165203
multiclass_3group,scalar_pivot,lda,3,ACLR,HA,1.2889659932335173,2.5342401308201294,0.5086203069542518
multiclass_3group,scalar_pivot,lda,4,ACLD,ACLR,0.8615487788870201,2.1562886756240207,0.39955168740924335
multiclass_3group,scalar_pivot,lda,4,ACLD,HA,2.558397445244695,1.5609173713025783,1.6390345141137896
multiclass_3group,scalar_pivot,lda,4,ACLR,HA,3.3991548084158016,1.9698903754332338,1.7255553155683767
multiclass_3group,scalar_pivot,lda,5,ACLD,ACLR,2.446811512486132,5.526836367667984,0.44271466526492254
multiclass_3group,scalar_pivot,lda,5,ACLD,HA,275.84874626732903,227.4107622359473,1.212997764728151
multiclass_3group,scalar_pivot,lda,5,ACLR,HA,275.232664879198,227.1824849565616,1.2115047730542423
multiclass_3group,scalar_pivot,plsda,1,ACLD,ACLR,2.881724994861483,2.6951989266325476,1.0692067907811118
multiclass_3group,scalar_pivot,plsda,1,ACLD,HA,2.5793405201846764,2.4403729010400657,1.056945239428525
multiclass_3group,scalar_pivot,plsda,1,ACLR,HA,4.340882225782611,3.3031500082348955,1.3141644233415388
multiclass_3group,scalar_pivot,plsda,2,ACLD,ACLR,8.79054856310453,8.755608290190077,1.0039906162720413
multiclass_3group,scalar_pivot,plsda,2,ACLD,HA,2.648568920465465,8.898539157549717,0.2976408681888376
multiclass_3group,scalar_pivot,plsda,2,ACLR,HA,8.291455698787487,5.684453482488666,1.4586196763382555
multiclass_3group,scalar_pivot,plsda,3,ACLD,ACLR,2.6524946060463126,2.9431198075230074,0.9012526772665462
multiclass_3group,scalar_pivot,plsda,3,ACLD,HA,5.4582916870386455,2.289230403164063,2.3843347875750998
multiclass_3group,scalar_pivot,plsda,3,ACLR,HA,6.355458010214922,2.1882458326325303,2.904361985037623
multiclass_3group,scalar_pivot,plsda,4,ACLD,ACLR,2.5380853163874995,2.6043904941275855,0.9745409999423696
multiclass_3group,scalar_pivot,plsda,4,ACLD,HA,3.9923323599263663,2.1670292649020952,1.8423066197524272
multiclass_3group,scalar_pivot,plsda,4,ACLR,HA,5.679514108177476,2.5314835320894185,2.2435516708614562
multiclass_3group,scalar_pivot,plsda,5,ACLD,ACLR,3.400092614145702,3.8026751581105755,0.8941317553495935
multiclass_3group,scalar_pivot,plsda,5,ACLD,HA,77.43853247642643,65.30135237425903,1.185864146160497
multiclass_3group,scalar_pivot,plsda,5,ACLR,HA,79.66704022807343,65.2304656088623,1.221316442929847
multiclass_3group,scalar_pivot,nca,1,ACLD,ACLR,2.685245146126528,2.8335412953361963,0.9476640240063722
multiclass_3group,scalar_pivot,nca,1,ACLD,HA,3.3479950598862076,2.1859626965799905,1.5315883775712433
multiclass_3group,scalar_pivot,nca,1,ACLR,HA,2.562371125650995,2.930296489342245,0.8744409089559954
multiclass_3group,scalar_pivot,nca,2,ACLD,ACLR,16.11328052311286,15.406357337689542,1.0458851609065256
multiclass_3group,scalar_pivot,nca,2,ACLD,HA,11.707272055617164,14.937742088050454,0.783737728674702
multiclass_3group,scalar_pivot,nca,2,ACLR,HA,7.1073009828967075,4.762867059572766,1.4922316524900527
multiclass_3group,scalar_pivot,nca,3,ACLD,ACLR,2.3029653301820354,3.1356544811659077,0.734444864386251
multiclass_3group,scalar_pivot,nca,3,ACLD,HA,1.29042566246673,3.0567097002769836,0.42216166695509166
multiclass_3group,scalar_pivot,nca,3,ACLR,HA,1.509745554042654,2.501242481729947,0.6035982377040314
multiclass_3group,scalar_pivot,nca,4,ACLD,ACLR,1.1666848857987602,2.7536318920812146,0.42368948774666154
multiclass_3group,scalar_pivot,nca,4,ACLD,HA,3.3149071243777275,1.770278850576601,1.8725338797884992
multiclass_3group,scalar_pivot,nca,4,ACLR,HA,4.069463662199475,2.2986998716661717,1.770332748681017
multiclass_3group,scalar_pivot,nca,5,ACLD,ACLR,2.830780443937126,5.550960640426869,0.5099622619048942
multiclass_3group,scalar_pivot,nca,5,ACLD,HA,294.585663976252,242.5755455438507,1.2144079211109076
multiclass_3group,scalar_pivot,nca,5,ACLR,HA,293.902011654361,242.27889840760494,1.213073088849473
multiclass_3group,scalar_pivot,rf_proba,1,ACLD,ACLR,0.16388870110006137,0.16929238702116042,0.9680807506103413
multiclass_3group,scalar_pivot,rf_proba,1,ACLD,HA,0.2299994902934231,0.11765738538724174,1.954824081263013
multiclass_3group,scalar_pivot,rf_proba,1,ACLR,HA,0.3414306233395265,0.19824696551350512,1.7222489255012952
multiclass_3group,scalar_pivot,rf_proba,2,ACLD,ACLR,0.139029019588088,0.14267247428299232,0.9744628057148746
multiclass_3group,scalar_pivot,rf_proba,2,ACLD,HA,0.44046209521757657,0.1965430541568562,2.2410463555026197
multiclass_3group,scalar_pivot,rf_proba,2,ACLR,HA,0.42686095954948694,0.18634156481610462,2.290744740556109
multiclass_3group,scalar_pivot,rf_proba,3,ACLD,ACLR,0.16733579615792166,0.10876962078559087,1.5384423973287336
multiclass_3group,scalar_pivot,rf_proba,3,ACLD,HA,0.3439002732147097,0.12332202661785212,2.788636244848466
multiclass_3group,scalar_pivot,rf_proba,3,ACLR,HA,0.49226738339095905,0.10384270387107519,4.740510069943174
multiclass_3group,scalar_pivot,rf_proba,4,ACLD,ACLR,0.18482689168799935,0.12122479321600547,1.5246624620647025
multiclass_3group,scalar_pivot,rf_proba,4,ACLD,HA,0.35886484572149474,0.0993714222745706,3.611348590039545
multiclass_3group,scalar_pivot,rf_proba,4,ACLR,HA,0.520246538036743,0.11251176729882614,4.623930016626544
multiclass_3group,scalar_pivot,rf_proba,5,ACLD,ACLR,0.1305787818317441,0.12374871078853386,1.0551930682727007
multiclass_3group,scalar_pivot,rf_proba,5,ACLD,HA,0.4289841048743591,0.1583836283019419,2.7085129282210003
multiclass_3group,scalar_pivot,rf_proba,5,ACLR,HA,0.5233459018752075,0.12696355485550942,4.12201676670758
multiclass_3group,pca_slim_subject,pca,1,ACLD,ACLR,0.54084761655504,1.7177566553996322,0.3148569472019964
multiclass_3group,pca_slim_subject,pca,1,ACLD,HA,1.0904358384381108,2.039851485907696,0.5345662887574814
multiclass_3group,pca_slim_subject,pca,1,ACLR,HA,0.9327507781689627,2.5129793247121763,0.37117327985808046
multiclass_3group,pca_slim_subject,pca,2,ACLD,ACLR,1.6387383183396467,1.852230068741845,0.8847379955627134
multiclass_3group,pca_slim_subject,pca,2,ACLD,HA,2.2108856619956683,2.4430489888027775,0.9049698438831218
multiclass_3group,pca_slim_subject,pca,2,ACLR,HA,0.7229064184217457,2.0840754230273486,0.346871524146494
multiclass_3group,pca_slim_subject,pca,3,ACLD,ACLR,7.202975353976511,8.249566982430027,0.8731337498461976
multiclass_3group,pca_slim_subject,pca,3,ACLD,HA,8.518680220712254,8.002666653691051,1.0644802025813735
multiclass_3group,pca_slim_subject,pca,3,ACLR,HA,2.804140443658978,2.9560639044566295,0.9486061649179477
multiclass_3group,pca_slim_subject,pca,4,ACLD,ACLR,0.22517697798918818,2.174546941491135,0.10355121505667719
multiclass_3group,pca_slim_subject,pca,4,ACLD,HA,1.2956015760323283,1.6307646346284865,0.7944749036868134
multiclass_3group,pca_slim_subject,pca,4,ACLR,HA,1.295084668104495,1.8540734780953483,0.6985077362925816
multiclass_3group,pca_slim_subject,pca,5,ACLD,ACLR,0.3180414909560171,2.6053030572425975,0.12207466232071522
multiclass_3group,pca_slim_subject,pca,5,ACLD,HA,1.789675033994232,1.8419554675722476,0.9716168851536228
multiclass_3group,pca_slim_subject,pca,5,ACLR,HA,2.1058494491764104,2.4682045892972635,0.8531908004335972
multiclass_3group,pca_slim_subject,lda,1,ACLD,ACLR,0.35906468031044203,2.046644470950379,0.17544067150251402
multiclass_3group,pca_slim_subject,lda,1,ACLD,HA,2.0682804269760613,1.99064649035031,1.0389993587520854
multiclass_3group,pca_slim_subject,lda,1,ACLR,HA,1.8349865189258077,2.1055099443946634,0.8715164342068061
multiclass_3group,pca_slim_subject,lda,2,ACLD,ACLR,2.1830837155107754,3.0003168540616323,0.7276177222933837
multiclass_3group,pca_slim_subject,lda,2,ACLD,HA,3.58284669457947,2.709416853279049,1.3223682026792445
multiclass_3group,pca_slim_subject,lda,2,ACLR,HA,3.160421998603499,3.156146808226204,1.0013545600496632
multiclass_3group,pca_slim_subject,lda,3,ACLD,ACLR,7.370635925252621,4.521892624779411,1.6299891520781478
multiclass_3group,pca_slim_subject,lda,3,ACLD,HA,5.354790302363677,4.1190329578557945,1.300011521430304
multiclass_3group,pca_slim_subject,lda,3,ACLR,HA,2.2220056365310494,2.13311762244686,1.0416704700897963
multiclass_3group,pca_slim_subject,lda,4,ACLD,ACLR,0.4702502076368605,2.2686792171787973,0.20727928570775966
multiclass_3group,pca_slim_subject,lda,4,ACLD,HA,3.51862072331153,2.08379155917759,1.6885665496697875
multiclass_3group,pca_slim_subject,lda,4,ACLR,HA,3.945669158285369,1.7561686483250896,2.246748432759275
multiclass_3group,pca_slim_subject,lda,5,ACLD,ACLR,1.1985732737972492,2.60131828688681,0.4607561019500119
multiclass_3group,pca_slim_subject,lda,5,ACLD,HA,2.640396822401375,2.2342162310333693,1.181800036060135
multiclass_3group,pca_slim_subject,lda,5,ACLR,HA,3.838833839857438,2.480996026567535,1.5472954405205055
multiclass_3group,pca_slim_subject,plsda,1,ACLD,ACLR,1.8318573775061804,2.3333231474734615,0.7850851604029765
multiclass_3group,pca_slim_subject,plsda,1,ACLD,HA,1.704283297772283,1.5114834810187743,1.1275566813496085
multiclass_3group,pca_slim_subject,plsda,1,ACLR,HA,3.53555628477052,2.128440276113762,1.6611019460813614
multiclass_3group,pca_slim_subject,plsda,2,ACLD,ACLR,2.929975086156672,2.9273268303781266,1.000904666930615
multiclass_3group,pca_slim_subject,plsda,2,ACLD,HA,3.3650208490416063,2.477028463795542,1.3584909895970256
multiclass_3group,pca_slim_subject,plsda,2,ACLR,HA,5.03853696643341,2.6955317029741868,1.8692182180139103
multiclass_3group,pca_slim_subject,plsda,3,ACLD,ACLR,6.483754320749098,3.8133593737028035,1.7002736131982543
multiclass_3group,pca_slim_subject,plsda,3,ACLD,HA,6.339963775732827,3.5448302301650294,1.7885098478856265
multiclass_3group,pca_slim_subject,plsda,3,ACLR,HA,3.470145701147098,2.6414171069925403,1.313743933875756
multiclass_3group,pca_slim_subject,plsda,4,ACLD,ACLR,1.3565455307037302,2.59742558963803,0.5222654062220026
multiclass_3group,pca_slim_subject,plsda,4,ACLD,HA,2.8546726568270535,1.9568764011678692,1.4587904760481434
multiclass_3group,pca_slim_subject,plsda,4,ACLR,HA,3.7195399837748475,2.092716904489909,1.7773736981789565
multiclass_3group,pca_slim_subject,plsda,5,ACLD,ACLR,3.230970680013317,2.294415510066929,1.408188998826576
multiclass_3group,pca_slim_subject,plsda,5,ACLD,HA,2.0256927431801124,1.7755084277336803,1.1409085485253234
multiclass_3group,pca_slim_subject,plsda,5,ACLR,HA,3.1179641516628216,2.1443022516566095,1.4540693361926924
multiclass_3group,pca_slim_subject,nca,1,ACLD,ACLR,0.49468042594582834,2.9185591618974267,0.1694947398716511
multiclass_3group,pca_slim_subject,nca,1,ACLD,HA,2.0470982008157836,2.554505681756011,0.8013676444080458
multiclass_3group,pca_slim_subject,nca,1,ACLR,HA,2.0331476452953368,2.9523768064369764,0.6886477501322079
multiclass_3group,pca_slim_subject,nca,2,ACLD,ACLR,2.8098370570280156,4.029007912771085,0.697401722176181
multiclass_3group,pca_slim_subject,nca,2,ACLD,HA,5.24871330963896,3.8440285494444506,1.3654199603687955
multiclass_3group,pca_slim_subject,nca,2,ACLR,HA,4.4757368950044425,4.662016975573943,0.9600430282546177
multiclass_3group,pca_slim_subject,nca,3,ACLD,ACLR,9.217182061794079,6.459337784497774,1.4269546460188305
multiclass_3group,pca_slim_subject,nca,3,ACLD,HA,6.650215975915685,6.44472413491755,1.031885281153429
multiclass_3group,pca_slim_subject,nca,3,ACLR,HA,2.7345385334925325,3.2540784340547866,0.8403419244216328
multiclass_3group,pca_slim_subject,nca,4,ACLD,ACLR,0.6886664515169459,3.1244634397748654,0.22041110891237317
multiclass_3group,pca_slim_subject,nca,4,ACLD,HA,4.644258715577135,2.719497771451241,1.7077633834936952
multiclass_3group,pca_slim_subject,nca,4,ACLR,HA,4.9695666828823075,2.6250567171313337,1.8931273562397761
multiclass_3group,pca_slim_subject,nca,5,ACLD,ACLR,2.9650177979653005,4.0136478395771595,0.7387339189871892
multiclass_3group,pca_slim_subject,nca,5,ACLD,HA,5.750769547382204,3.6449011504721356,1.5777573410014942
multiclass_3group,pca_slim_subject,nca,5,ACLR,HA,8.518654131860329,4.311134987871329,1.975965530150683
multiclass_3group,pca_slim_subject,rf_proba,1,ACLD,ACLR,0.055714095756286275,0.16677437360027483,0.3340686854553682
multiclass_3group,pca_slim_subject,rf_proba,1,ACLD,HA,0.18768288192149246,0.13777818463595692,1.362210442947813
multiclass_3group,pca_slim_subject,rf_proba,1,ACLR,HA,0.24208867838651127,0.15097951245797767,1.6034538358566508
multiclass_3group,pca_slim_subject,rf_proba,2,ACLD,ACLR,0.0947782698120962,0.11379729201814037,0.8328692900441571
multiclass_3group,pca_slim_subject,rf_proba,2,ACLD,HA,0.22219782998136328,0.14295352887779406,1.5543360959722259
multiclass_3group,pca_slim_subject,rf_proba,2,ACLR,HA,0.2572447822372074,0.15155424953611665,1.697377559683035
multiclass_3group,pca_slim_subject,rf_proba,3,ACLD,ACLR,0.11492706850244848,0.09219533370742719,1.2465605782951903
multiclass_3group,pca_slim_subject,rf_proba,3,ACLD,HA,0.19794059842886363,0.11309667593879272,1.7501893560159802
multiclass_3group,pca_slim_subject,rf_proba,3,ACLR,HA,0.17801514070644972,0.11929607755239653,1.492212856942115
multiclass_3group,pca_slim_subject,rf_proba,4,ACLD,ACLR,0.13120297710450504,0.1658106132643121,0.7912821412424282
multiclass_3group,pca_slim_subject,rf_proba,4,ACLD,HA,0.14468294572159277,0.14057178311508917,1.0292460016896685
multiclass_3group,pca_slim_subject,rf_proba,4,ACLR,HA,0.25516463680965645,0.15344010805969677,1.6629591834644901
multiclass_3group,pca_slim_subject,rf_proba,5,ACLD,ACLR,0.17767234205229077,0.1250635890245853,1.4206560313678789
multiclass_3group,pca_slim_subject,rf_proba,5,ACLD,HA,0.20568268741395232,0.1398447161117659,1.470793413814561
multiclass_3group,pca_slim_subject,rf_proba,5,ACLR,HA,0.3301872186148725,0.11148405027279684,2.9617440145645775
multiclass_3group,pca_raw_subject,pca,1,ACLD,ACLR,1.4633178266838487,6.252922605182864,0.23402141991505662
multiclass_3group,pca_raw_subject,pca,1,ACLD,HA,25.29762280035702,3.6206692856217404,6.98700179572267
multiclass_3group,pca_raw_subject,pca,1,ACLR,HA,23.981020416468144,4.400610428019146,5.449475887203849
multiclass_3group,pca_raw_subject,pca,2,ACLD,ACLR,1.4060780451657058,3.2489587918754994,0.43277804836485195
multiclass_3group,pca_raw_subject,pca,2,ACLD,HA,13.103899146583128,6.1022281487491945,2.1473958080818565
multiclass_3group,pca_raw_subject,pca,2,ACLR,HA,13.272631708079686,6.588761942972113,2.0144348548268476
multiclass_3group,pca_raw_subject,pca,3,ACLD,ACLR,5.247114598196308,5.31873291778538,0.9865347027767486
multiclass_3group,pca_raw_subject,pca,3,ACLD,HA,17.07288104208817,5.639292321107719,3.0274864415495606
multiclass_3group,pca_raw_subject,pca,3,ACLR,HA,19.353328981900365,6.56601127170431,2.9475016385216937
multiclass_3group,pca_raw_subject,pca,4,ACLD,ACLR,0.742210446234642,4.745113580473943,0.15641573876942055
multiclass_3group,pca_raw_subject,pca,4,ACLD,HA,8.262958783915932,5.054322517695058,1.6348301389528503
multiclass_3group,pca_raw_subject,pca,4,ACLR,HA,7.921058941775409,6.49470180840697,1.2196185714826988
multiclass_3group,pca_raw_subject,pca,5,ACLD,ACLR,2.507391747352413,2.1312502592622278,1.1764886532942376
multiclass_3group,pca_raw_subject,pca,5,ACLD,HA,18.25440514216363,5.071730455151114,3.599245918840877
multiclass_3group,pca_raw_subject,pca,5,ACLR,HA,18.167647709864042,4.741734819635509,3.831434780922769
multiclass_3group,pca_raw_subject,lda,1,ACLD,ACLR,18.438446649663046,33.38603236513445,0.5522802604396503
multiclass_3group,pca_raw_subject,lda,1,ACLD,HA,41.787903502348236,30.9302841154204,1.3510352296283865
multiclass_3group,pca_raw_subject,lda,1,ACLR,HA,43.267162924403365,29.72284114146854,1.4556873186674655
multiclass_3group,pca_raw_subject,lda,2,ACLD,ACLR,17.212540991993425,13.929550315023278,1.2356853310210152
multiclass_3group,pca_raw_subject,lda,2,ACLD,HA,11.884701634451687,16.935172215359902,0.7017762490583044
multiclass_3group,pca_raw_subject,lda,2,ACLR,HA,26.081093839754857,14.531758918503261,1.7947651062766978
multiclass_3group,pca_raw_subject,lda,3,ACLD,ACLR,53.01643014052291,59.79549610722044,0.8866291542335921
multiclass_3group,pca_raw_subject,lda,3,ACLD,HA,95.30454191784357,71.57475864113064,1.3315384323640114
multiclass_3group,pca_raw_subject,lda,3,ACLR,HA,42.81667769602875,56.61240742839159,0.7563126113332505
multiclass_3group,pca_raw_subject,lda,4,ACLD,ACLR,86.98821066450617,157.75371158705696,0.5514178385368854
multiclass_3group,pca_raw_subject,lda,4,ACLD,HA,88.81640777519114,115.94427894676724,0.7660266516122701
multiclass_3group,pca_raw_subject,lda,4,ACLR,HA,3.2236736232577528,66.16825043723432,0.04871934201004235
multiclass_3group,pca_raw_subject,lda,5,ACLD,ACLR,21.507804744037337,12.161882287856857,1.7684601967831906
multiclass_3group,pca_raw_subject,lda,5,ACLD,HA,15.28153380168471,19.655306750361355,0.777476230504709
multiclass_3group,pca_raw_subject,lda,5,ACLR,HA,27.688082931733,17.62944816111863,1.5705586855973446
multiclass_3group,pca_raw_subject,plsda,1,ACLD,ACLR,1.4774793229303596,4.6643723118326905,0.31675844554309157
multiclass_3group,pca_raw_subject,plsda,1,ACLD,HA,24.39792036670771,2.683925387442993,9.090386968600454
multiclass_3group,pca_raw_subject,plsda,1,ACLR,HA,22.960683509183255,3.6270743896140205,6.330359138740092
multiclass_3group,pca_raw_subject,plsda,2,ACLD,ACLR,1.2170846517638583,3.1157258416050486,0.39062636240706083
multiclass_3group,pca_raw_subject,plsda,2,ACLD,HA,12.908166913802404,5.474848595494493,2.3577212572462978
multiclass_3group,pca_raw_subject,plsda,2,ACLR,HA,13.170313610212379,6.304705415984158,2.08896573927499
multiclass_3group,pca_raw_subject,plsda,3,ACLD,ACLR,5.094933240154626,5.3754066128095435,0.9478228545564252
multiclass_3group,pca_raw_subject,plsda,3,ACLD,HA,16.769633529929223,5.435632923714995,3.085129876369205
multiclass_3group,pca_raw_subject,plsda,3,ACLR,HA,19.24931131987007,6.2005700231819025,3.1044422122326165
multiclass_3group,pca_raw_subject,plsda,4,ACLD,ACLR,2.269273765251291,4.398739779210172,0.5158917960950071
multiclass_3group,pca_raw_subject,plsda,4,ACLD,HA,7.9963910544853345,4.899368637154877,1.6321268405573448
multiclass_3group,pca_raw_subject,plsda,4,ACLR,HA,8.27699681142511,6.177735602132151,1.3398107890160325
multiclass_3group,pca_raw_subject,plsda,5,ACLD,ACLR,2.9423015838256115,2.121664271094423,1.3867894293699339
multiclass_3group,pca_raw_subject,plsda,5,ACLD,HA,18.088715466974985,4.120892730343954,4.389513790004719
multiclass_3group,pca_raw_subject,plsda,5,ACLR,HA,18.094080287873137,4.592793347566162,3.9396678488618804
multiclass_3group,pca_raw_subject,nca,1,ACLD,ACLR,18.43844664966306,33.38603236513443,0.552280260439651
multiclass_3group,pca_raw_subject,nca,1,ACLD,HA,41.78790350234825,30.930284115420406,1.3510352296283867
multiclass_3group,pca_raw_subject,nca,1,ACLR,HA,43.267162924403394,29.722841141468543,1.4556873186674661
multiclass_3group,pca_raw_subject,nca,2,ACLD,ACLR,16.898803921121875,13.955008275645243,1.2109490433348036
multiclass_3group,pca_raw_subject,nca,2,ACLD,HA,9.393854631898478,16.822765083097224,0.5584013439822096
multiclass_3group,pca_raw_subject,nca,2,ACLR,HA,23.459884593633625,14.285949908264453,1.6421648363796957
multiclass_3group,pca_raw_subject,nca,3,ACLD,ACLR,53.01643014052277,59.79549610722036,0.886629154233591
multiclass_3group,pca_raw_subject,nca,3,ACLD,HA,95.30454191784362,71.57475864113056,1.3315384323640136
multiclass_3group,pca_raw_subject,nca,3,ACLR,HA,42.816677696028904,56.61240742839154,0.7563126113332538
multiclass_3group,pca_raw_subject,nca,4,ACLD,ACLR,86.98821066450628,157.7537115870569,0.5514178385368864
multiclass_3group,pca_raw_subject,nca,4,ACLD,HA,88.81640777519112,115.94427894676735,0.7660266516122692
multiclass_3group,pca_raw_subject,nca,4,ACLR,HA,3.2236736232576435,66.16825043723432,0.048719342010040696
multiclass_3group,pca_raw_subject,nca,5,ACLD,ACLR,21.488369117494067,12.073445010329744,1.7798042811400676
multiclass_3group,pca_raw_subject,nca,5,ACLD,HA,15.783808705404102,19.822778348811003,0.7962460371429637
multiclass_3group,pca_raw_subject,nca,5,ACLR,HA,28.406189679064788,17.55081080135547,1.6185115320638601
multiclass_3group,pca_raw_subject,rf_proba,1,ACLD,ACLR,0.0756200050658707,0.3788777433612502,0.19958946227614371
multiclass_3group,pca_raw_subject,rf_proba,1,ACLD,HA,0.8717569707259176,0.1885750001506559,4.622866074662365
multiclass_3group,pca_raw_subject,rf_proba,1,ACLR,HA,0.7966122814659907,0.26004072397474864,3.0634135657280592
multiclass_3group,pca_raw_subject,rf_proba,2,ACLD,ACLR,0.08005437125942476,0.23946073865131148,0.334311051199066
multiclass_3group,pca_raw_subject,rf_proba,2,ACLD,HA,0.7268558729552094,0.24440384981821978,2.973995186638111
multiclass_3group,pca_raw_subject,rf_proba,2,ACLR,HA,0.7349355786068976,0.24729074465526044,2.9719493935425936
multiclass_3group,pca_raw_subject,rf_proba,3,ACLD,ACLR,0.26901800864326963,0.3475001994301109,0.7741520985727504
multiclass_3group,pca_raw_subject,rf_proba,3,ACLD,HA,0.4457483328441831,0.22332172165150826,1.9959918343266658
multiclass_3group,pca_raw_subject,rf_proba,3,ACLR,HA,0.7147121272163329,0.22413637052348218,3.188737845388883
multiclass_3group,pca_raw_subject,rf_proba,4,ACLD,ACLR,0.14025253228093884,0.20839369531071764,0.6730171566458406
multiclass_3group,pca_raw_subject,rf_proba,4,ACLD,HA,0.5669718844566344,0.20526397881721326,2.7621596722604727
multiclass_3group,pca_raw_subject,rf_proba,4,ACLR,HA,0.5370299154260892,0.21792885766036657,2.4642441629416005
multiclass_3group,pca_raw_subject,rf_proba,5,ACLD,ACLR,0.17421331735144502,0.14353322898788234,1.2137490292659188
multiclass_3group,pca_raw_subject,rf_proba,5,ACLD,HA,0.9371135951745722,0.15031550298747598,6.23431100950812
multiclass_3group,pca_raw_subject,rf_proba,5,ACLR,HA,0.9812247776869698,0.1895044583137034,5.177845346850162
multiclass_3group,pca_cycle_subject,pca,1,ACLD,ACLR,5.605231577020637,5.627912703393753,0.9959698866047729
multiclass_3group,pca_cycle_subject,pca,1,ACLD,HA,4.063238955773668,4.392991822957817,0.9249366080171475
multiclass_3group,pca_cycle_subject,pca,1,ACLR,HA,4.5045804910638605,5.824144431605749,0.773432139941269
multiclass_3group,pca_cycle_subject,pca,2,ACLD,ACLR,4.136844992334573,10.641871656241362,0.3887328400458908
multiclass_3group,pca_cycle_subject,pca,2,ACLD,HA,7.35966984424524,8.198822311544289,0.897649633640982
multiclass_3group,pca_cycle_subject,pca,2,ACLR,HA,9.441429079290664,8.992327707988553,1.049942727387831
multiclass_3group,pca_cycle_subject,pca,3,ACLD,ACLR,4.023575437390671,5.144691506002067,0.7820829359149246
multiclass_3group,pca_cycle_subject,pca,3,ACLD,HA,9.685295720494105,5.508792154904914,1.7581523223508295
multiclass_3group,pca_cycle_subject,pca,3,ACLR,HA,5.685580697344481,4.064862831601268,1.3987140360907984
multiclass_3group,pca_cycle_subject,pca,4,ACLD,ACLR,2.5575214752868547,6.686048958829183,0.38251611542711633
multiclass_3group,pca_cycle_subject,pca,4,ACLD,HA,5.100083550187263,6.271265254852781,0.8132463455027287
multiclass_3group,pca_cycle_subject,pca,4,ACLR,HA,4.118006957035482,5.9648618671736005,0.6903775894121024
multiclass_3group,pca_cycle_subject,pca,5,ACLD,ACLR,5.895738715050199,7.704766570271515,0.7652066628207316
multiclass_3group,pca_cycle_subject,pca,5,ACLD,HA,4.296567459770709,8.339520224376832,0.5152055926684642
multiclass_3group,pca_cycle_subject,pca,5,ACLR,HA,10.061866652867392,6.0926459395966415,1.6514773306412631
multiclass_3group,pca_cycle_subject,lda,1,ACLD,ACLR,7.190152656307158,5.859340919391408,1.2271265241644238
multiclass_3group,pca_cycle_subject,lda,1,ACLD,HA,3.996572878769207,5.184448146350791,0.7708772015749255
multiclass_3group,pca_cycle_subject,lda,1,ACLR,HA,6.647112497887124,7.361897619750383,0.9029074895111765
multiclass_3group,pca_cycle_subject,lda,2,ACLD,ACLR,5.200330589823851,5.228460063526179,0.9946199314213836
multiclass_3group,pca_cycle_subject,lda,2,ACLD,HA,3.261570188720443,3.887644247488859,0.8389579861447417
multiclass_3group,pca_cycle_subject,lda,2,ACLR,HA,6.7703420600147215,4.513423587747116,1.500045791933779
multiclass_3group,pca_cycle_subject,lda,3,ACLD,ACLR,3.4713242221564506,5.8599921523177,0.5923769404338705
multiclass_3group,pca_cycle_subject,lda,3,ACLD,HA,4.468245879651985,6.535098819263011,0.6837304229403965
multiclass_3group,pca_cycle_subject,lda,3,ACLR,HA,4.293379073877128,4.769674484598227,0.9001408980300216
multiclass_3group,pca_cycle_subject,lda,4,ACLD,ACLR,3.027267516294056,5.72314996237445,0.5289512831563281
multiclass_3group,pca_cycle_subject,lda,4,ACLD,HA,5.098142545548523,5.472975897987162,0.9315119672687588
multiclass_3group,pca_cycle_subject,lda,4,ACLR,HA,6.844075462763973,4.342313283685665,1.5761358095643583
multiclass_3group,pca_cycle_subject,lda,5,ACLD,ACLR,8.796011807623799,7.086030287264684,1.2413172751226265
multiclass_3group,pca_cycle_subject,lda,5,ACLD,HA,5.415561283021236,7.01363036068484,0.7721480894371567
multiclass_3group,pca_cycle_subject,lda,5,ACLR,HA,13.804128657004764,7.552174919193999,1.8278348693859439
multiclass_3group,pca_cycle_subject,plsda,1,ACLD,ACLR,5.307272785384967,5.635601345883561,0.9417402792803262
multiclass_3group,pca_cycle_subject,plsda,1,ACLD,HA,3.2240494924350496,3.7716401938370527,0.8548136425375944
multiclass_3group,pca_cycle_subject,plsda,1,ACLR,HA,4.885946418299603,5.59266794280396,0.8736342776413732
multiclass_3group,pca_cycle_subject,plsda,2,ACLD,ACLR,3.7517915083308027,9.684540807292684,0.38740004126015104
multiclass_3group,pca_cycle_subject,plsda,2,ACLD,HA,7.318321806518457,7.457143467128497,0.9813840700233308
multiclass_3group,pca_cycle_subject,plsda,2,ACLR,HA,9.30174482589376,8.24818960308626,1.1277316930752037
multiclass_3group,pca_cycle_subject,plsda,3,ACLD,ACLR,1.4972485055334663,4.581595354531859,0.3267963208606957
multiclass_3group,pca_cycle_subject,plsda,3,ACLD,HA,4.660772017669596,4.9313634738069725,0.9451284705387003
multiclass_3group,pca_cycle_subject,plsda,3,ACLR,HA,4.071610490804749,3.3744248894368525,1.2066087182886585
multiclass_3group,pca_cycle_subject,plsda,4,ACLD,ACLR,2.5647235761139355,6.468738073706082,0.3964797379165716
multiclass_3group,pca_cycle_subject,plsda,4,ACLD,HA,5.2298719633903055,5.670717914252611,0.9222592346280712
multiclass_3group,pca_cycle_subject,plsda,4,ACLR,HA,4.187407634962642,5.424636464090402,0.7719241026900375
multiclass_3group,pca_cycle_subject,plsda,5,ACLD,ACLR,5.348331689054385,6.3875479665752115,0.837305914106815
multiclass_3group,pca_cycle_subject,plsda,5,ACLD,HA,5.027529322631551,7.216784386236723,0.6966439696078014
multiclass_3group,pca_cycle_subject,plsda,5,ACLR,HA,10.341585715183497,5.689265554350688,1.8177365103436054
multiclass_3group,pca_cycle_subject,nca,1,ACLD,ACLR,7.407468692416069,6.32455844703519,1.1712230591984683
multiclass_3group,pca_cycle_subject,nca,1,ACLD,HA,3.579444961860412,5.328667019505262,0.6717336528550332
multiclass_3group,pca_cycle_subject,nca,1,ACLR,HA,6.80028699498364,7.720295293576954,0.8808324988088562
multiclass_3group,pca_cycle_subject,nca,2,ACLD,ACLR,5.174504581018012,5.289241562228094,0.9783074794637004
multiclass_3group,pca_cycle_subject,nca,2,ACLD,HA,3.6637205160411983,3.981525901726428,0.9201800029613203
multiclass_3group,pca_cycle_subject,nca,2,ACLR,HA,7.107113783646791,4.593125504289471,1.5473371622459549
multiclass_3group,pca_cycle_subject,nca,3,ACLD,ACLR,2.7612378074586217,6.408845412396849,0.43084793434359725
multiclass_3group,pca_cycle_subject,nca,3,ACLD,HA,4.76016017706646,7.083211143166553,0.6720342060759787
multiclass_3group,pca_cycle_subject,nca,3,ACLR,HA,4.181912192313495,4.817756129324894,0.8680207299947956
multiclass_3group,pca_cycle_subject,nca,4,ACLD,ACLR,3.01214145072539,5.792658348340851,0.5199929409936866
multiclass_3group,pca_cycle_subject,nca,4,ACLD,HA,5.085052145878804,5.5196579125437015,0.9212621916881418
multiclass_3group,pca_cycle_subject,nca,4,ACLR,HA,6.845031273447355,4.455697905868961,1.5362422269317697
multiclass_3group,pca_cycle_subject,nca,5,ACLD,ACLR,8.814958392162486,7.078118296895434,1.24538161449334
multiclass_3group,pca_cycle_subject,nca,5,ACLD,HA,5.434733386417245,7.035987888718384,0.7724193776870174
multiclass_3group,pca_cycle_subject,nca,5,ACLR,HA,13.815577817591327,7.635493812486362,1.8093889088088373
multiclass_3group,pca_cycle_subject,rf_proba,1,ACLD,ACLR,0.15924038164422602,0.2867547739826743,0.5553190254954476
multiclass_3group,pca_cycle_subject,rf_proba,1,ACLD,HA,0.04328096361074411,0.2064122102232889,0.20968218674624142
multiclass_3group,pca_cycle_subject,rf_proba,1,ACLR,HA,0.19568281355828382,0.26217467238991926,0.7463833625669781
multiclass_3group,pca_cycle_subject,rf_proba,2,ACLD,ACLR,0.123940664494993,0.26189485302393306,0.4732458964501558
multiclass_3group,pca_cycle_subject,rf_proba,2,ACLD,HA,0.3028442517817837,0.28154156228847327,1.075664457212478
multiclass_3group,pca_cycle_subject,rf_proba,2,ACLR,HA,0.3747367848295877,0.23372800249662282,1.6033029026335959
multiclass_3group,pca_cycle_subject,rf_proba,3,ACLD,ACLR,0.09485427190387818,0.21614567968621415,0.4388441723266515
multiclass_3group,pca_cycle_subject,rf_proba,3,ACLD,HA,0.08998989896934,0.16819192806293906,0.5350429120217047
multiclass_3group,pca_cycle_subject,rf_proba,3,ACLR,HA,0.04036316883702441,0.16172560827034577,0.2495780926020821
multiclass_3group,pca_cycle_subject,rf_proba,4,ACLD,ACLR,0.1392450902069331,0.2271540771693516,0.6129984191440281
multiclass_3group,pca_cycle_subject,rf_proba,4,ACLD,HA,0.21486853823275806,0.23730877978028947,0.9054386375071857
multiclass_3group,pca_cycle_subject,rf_proba,4,ACLR,HA,0.16021233641775445,0.2867463702604134,0.5587248977982006
multiclass_3group,pca_cycle_subject,rf_proba,5,ACLD,ACLR,0.2093081313895382,0.15935656557512837,1.3134578461460393
multiclass_3group,pca_cycle_subject,rf_proba,5,ACLD,HA,0.29376682888211725,0.2036021560978753,1.4428473377310314
multiclass_3group,pca_cycle_subject,rf_proba,5,ACLR,HA,0.4023154430639057,0.2061247397269555,1.9518057055976663
multiclass_3group,fusion_scalar_cycle,pca,1,ACLD,ACLR,5.216525409821317,5.378622316181186,0.9698627461028054
multiclass_3group,fusion_scalar_cycle,pca,1,ACLD,HA,3.7378076467279637,3.8397242319784115,0.9734573164391195
multiclass_3group,fusion_scalar_cycle,pca,1,ACLR,HA,4.754257915177883,5.540880452374458,0.8580329346648364
multiclass_3group,fusion_scalar_cycle,pca,2,ACLD,ACLR,4.168243035610369,10.105706941938747,0.4124642698980449
multiclass_3group,fusion_scalar_cycle,pca,2,ACLD,HA,7.3848282554725655,7.890416512921448,0.9359237555304052
multiclass_3group,fusion_scalar_cycle,pca,2,ACLR,HA,9.701339209866028,8.223138107366323,1.1797611913115658
multiclass_3group,fusion_scalar_cycle,pca,3,ACLD,ACLR,3.512739133979294,4.707555544494131,0.7461917551005274
multiclass_3group,fusion_scalar_cycle,pca,3,ACLD,HA,8.849564749615242,5.095474719956573,1.736749809582151
multiclass_3group,fusion_scalar_cycle,pca,3,ACLR,HA,5.534339285179839,3.831482640508324,1.4444380425133798
multiclass_3group,fusion_scalar_cycle,pca,4,ACLD,ACLR,2.4697431551797147,6.470139641826249,0.3817140420299507
multiclass_3group,fusion_scalar_cycle,pca,4,ACLD,HA,4.985050383991501,5.921688465034038,0.8418292204034153
multiclass_3group,fusion_scalar_cycle,pca,4,ACLR,HA,4.553637456650137,5.623745850376201,0.8097160820924227
multiclass_3group,fusion_scalar_cycle,pca,5,ACLD,ACLR,5.962396870103907,7.265602761754039,0.8206334788202052
multiclass_3group,fusion_scalar_cycle,pca,5,ACLD,HA,4.93429319522904,8.120418442035692,0.6076402626847973
multiclass_3group,fusion_scalar_cycle,pca,5,ACLR,HA,10.831482164294899,5.95310781139347,1.8194668242971945
multiclass_3group,fusion_scalar_cycle,lda,1,ACLD,ACLR,7.195340857663007,7.0861658480899505,1.0154067815957883
multiclass_3group,fusion_scalar_cycle,lda,1,ACLD,HA,1.6186431446122245,4.631652321200355,0.34947423346161943
multiclass_3group,fusion_scalar_cycle,lda,1,ACLR,HA,8.413290333936796,7.45452306918583,1.1286155071025463
multiclass_3group,fusion_scalar_cycle,lda,2,ACLD,ACLR,2.6091168045414173,5.9291460535305305,0.4400493394808194
multiclass_3group,fusion_scalar_cycle,lda,2,ACLD,HA,1.7114397181463188,4.9382270109063775,0.3465696725497834
multiclass_3group,fusion_scalar_cycle,lda,2,ACLR,HA,0.9384188333248547,5.569771493470739,0.1684842608758604
multiclass_3group,fusion_scalar_cycle,lda,3,ACLD,ACLR,7.970348352597778,6.947280236526628,1.1472616738118866
multiclass_3group,fusion_scalar_cycle,lda,3,ACLD,HA,7.963687082346893,6.463427179544108,1.232115232542715
multiclass_3group,fusion_scalar_cycle,lda,3,ACLR,HA,5.835402831429259,5.8663923899052595,0.9947174419274567
multiclass_3group,fusion_scalar_cycle,lda,4,ACLD,ACLR,1.7914436039127328,4.688939761204579,0.3820572869659803
multiclass_3group,fusion_scalar_cycle,lda,4,ACLD,HA,6.201433800384522,5.054621179203144,1.2268839900208253
multiclass_3group,fusion_scalar_cycle,lda,4,ACLR,HA,7.465100038897413,4.099194489610149,1.8211138939170892
multiclass_3group,fusion_scalar_cycle,lda,5,ACLD,ACLR,7.7735627187570175,8.71418835439259,0.8920581473131197
multiclass_3group,fusion_scalar_cycle,lda,5,ACLD,HA,8.383383202387352,8.61371835433091,0.9732594981088802
multiclass_3group,fusion_scalar_cycle,lda,5,ACLR,HA,16.132045224950126,10.869774077030858,1.484119643207588
multiclass_3group,fusion_scalar_cycle,plsda,1,ACLD,ACLR,4.9676490525394135,5.185436129697582,0.9580002391870421
multiclass_3group,fusion_scalar_cycle,plsda,1,ACLD,HA,2.965263436809263,3.1648234046290655,0.9369443591930237
multiclass_3group,fusion_scalar_cycle,plsda,1,ACLR,HA,5.03550860924109,5.160158021952461,0.9758438768384446
multiclass_3group,fusion_scalar_cycle,plsda,2,ACLD,ACLR,3.8803782325808744,8.987478163914973,0.4317538426030033
multiclass_3group,fusion_scalar_cycle,plsda,2,ACLD,HA,7.508498178117825,7.150787886919518,1.0500238990241402
multiclass_3group,fusion_scalar_cycle,plsda,2,ACLR,HA,9.608406528509922,7.400620933347439,1.2983243723799078
multiclass_3group,fusion_scalar_cycle,plsda,3,ACLD,ACLR,1.6292359728843089,4.058518665290326,0.40143611678271324
multiclass_3group,fusion_scalar_cycle,plsda,3,ACLD,HA,4.849717915063064,4.4709735223783795,1.0847118397791824
multiclass_3group,fusion_scalar_cycle,plsda,3,ACLR,HA,4.585594145972127,3.041869561038413,1.507492038681214
multiclass_3group,fusion_scalar_cycle,plsda,4,ACLD,ACLR,2.4266087620827346,6.053792089718905,0.4008411134904716
multiclass_3group,fusion_scalar_cycle,plsda,4,ACLD,HA,5.253324104933867,5.221099105059577,1.0061720720533847
multiclass_3group,fusion_scalar_cycle,plsda,4,ACLR,HA,5.014490185121682,4.988314091149867,1.0052474831162408
multiclass_3group,fusion_scalar_cycle,plsda,5,ACLD,ACLR,5.695293882845489,5.959497478064375,0.955666799727433
multiclass_3group,fusion_scalar_cycle,plsda,5,ACLD,HA,5.76966473527562,7.018082845466649,0.822114081910924
multiclass_3group,fusion_scalar_cycle,plsda,5,ACLR,HA,11.410404663261575,5.509282399699723,2.071123575709876
multiclass_3group,fusion_scalar_cycle,nca,1,ACLD,ACLR,7.195340857663006,7.086165848089951,1.0154067815957881
multiclass_3group,fusion_scalar_cycle,nca,1,ACLD,HA,1.6186431446122211,4.631652321200356,0.34947423346161866
multiclass_3group,fusion_scalar_cycle,nca,1,ACLR,HA,8.413290333936795,7.45452306918583,1.128615507102546
multiclass_3group,fusion_scalar_cycle,nca,2,ACLD,ACLR,2.4681738704887057,6.857058317134253,0.3599464604699791
multiclass_3group,fusion_scalar_cycle,nca,2,ACLD,HA,0.3672488825487977,5.557848692635152,0.066077524390948
multiclass_3group,fusion_scalar_cycle,nca,2,ACLR,HA,2.2230624461609545,6.47693168320497,0.34322771257962686
multiclass_3group,fusion_scalar_cycle,nca,3,ACLD,ACLR,7.982233424029469,6.951907511513186,1.148207655353576
multiclass_3group,fusion_scalar_cycle,nca,3,ACLD,HA,8.00472792220771,6.468071427009585,1.237575684272951
multiclass_3group,fusion_scalar_cycle,nca,3,ACLR,HA,5.842045008047723,5.8650541983950735,0.9960769006442179
multiclass_3group,fusion_scalar_cycle,nca,4,ACLD,ACLR,1.8068334006269875,4.826364015706948,0.3743674109012122
multiclass_3group,fusion_scalar_cycle,nca,4,ACLD,HA,6.136157088903629,5.226983991565243,1.1739383741762963
multiclass_3group,fusion_scalar_cycle,nca,4,ACLR,HA,7.246171258559471,4.133509365453659,1.7530312908252457
multiclass_3group,fusion_scalar_cycle,nca,5,ACLD,ACLR,7.666097100649636,8.636096592966304,0.8876807963094476
multiclass_3group,fusion_scalar_cycle,nca,5,ACLD,HA,8.338964051282725,8.584931347756289,0.971348950095233
multiclass_3group,fusion_scalar_cycle,nca,5,ACLR,HA,15.987595001395398,10.842349844195201,1.474550741410993
multiclass_3group,fusion_scalar_cycle,rf_proba,1,ACLD,ACLR,0.1852716617513094,0.27884555319332976,0.6644239423207028
multiclass_3group,fusion_scalar_cycle,rf_proba,1,ACLD,HA,0.18464750735153423,0.1767785879499106,1.044512853580736
multiclass_3group,fusion_scalar_cycle,rf_proba,1,ACLR,HA,0.3667589609854668,0.24863959187469808,1.475062592486457
multiclass_3group,fusion_scalar_cycle,rf_proba,2,ACLD,ACLR,0.14138996419859248,0.21207096077498702,0.6667106315824685
multiclass_3group,fusion_scalar_cycle,rf_proba,2,ACLD,HA,0.3493183999838554,0.26776616903218625,1.3045651033752002
multiclass_3group,fusion_scalar_cycle,rf_proba,2,ACLR,HA,0.4348741636105892,0.19227028058195106,2.2617856607601583
multiclass_3group,fusion_scalar_cycle,rf_proba,3,ACLD,ACLR,0.12018300484980134,0.1812135344535807,0.6632120785690385
multiclass_3group,fusion_scalar_cycle,rf_proba,3,ACLD,HA,0.05768516749827424,0.14009927986751158,0.41174492511899896
multiclass_3group,fusion_scalar_cycle,rf_proba,3,ACLR,HA,0.15364974791827468,0.15729529953788188,0.9768235183739281
multiclass_3group,fusion_scalar_cycle,rf_proba,4,ACLD,ACLR,0.132563517664918,0.1720412084946199,0.7705335182475398
multiclass_3group,fusion_scalar_cycle,rf_proba,4,ACLD,HA,0.34243322428870576,0.15550693078670927,2.202044774186827
multiclass_3group,fusion_scalar_cycle,rf_proba,4,ACLR,HA,0.34537686812552404,0.18832881276746655,1.8339034959667482
multiclass_3group,fusion_scalar_cycle,rf_proba,5,ACLD,ACLR,0.22000269243746431,0.14596218181498993,1.507258179494208
multiclass_3group,fusion_scalar_cycle,rf_proba,5,ACLD,HA,0.3657764376604493,0.2060686450598738,1.7750222871323873
multiclass_3group,fusion_scalar_cycle,rf_proba,5,ACLR,HA,0.5243291066592384,0.17834873081448804,2.939909380149314
multiclass_3group,fusion_scalar_raw,pca,1,ACLD,ACLR,1.3906024763896454,6.306202304393476,0.22051345790489862
multiclass_3group,fusion_scalar_raw,pca,1,ACLD,HA,24.724754859578614,3.603402210248089,6.861502939988581
multiclass_3group,fusion_scalar_raw,pca,1,ACLR,HA,23.463742259107647,4.550994029681164,5.1557400660337676
multiclass_3group,fusion_scalar_raw,pca,2,ACLD,ACLR,1.4869789263453492,3.291713539023748,0.45173400076191184
multiclass_3group,fusion_scalar_raw,pca,2,ACLD,HA,13.113612471668974,6.073635016109773,2.1591044632886716
multiclass_3group,fusion_scalar_raw,pca,2,ACLR,HA,13.332018669828827,6.536757665628054,2.039546110135304
multiclass_3group,fusion_scalar_raw,pca,3,ACLD,ACLR,5.199773888029814,5.230022992219033,0.9942162578951904
multiclass_3group,fusion_scalar_raw,pca,3,ACLD,HA,17.158331393456496,5.553203546306036,3.0898077569784266
multiclass_3group,fusion_scalar_raw,pca,3,ACLR,HA,19.36550350184788,6.484055759942362,2.986634325615365
multiclass_3group,fusion_scalar_raw,pca,4,ACLD,ACLR,0.7343280309661088,4.734809571923788,0.15509135474433577
multiclass_3group,fusion_scalar_raw,pca,4,ACLD,HA,8.268803857386844,5.0436995620282215,1.6394322769815641
multiclass_3group,fusion_scalar_raw,pca,4,ACLR,HA,7.987694935224816,6.484051158794034,1.2318988144304592
multiclass_3group,fusion_scalar_raw,pca,5,ACLD,ACLR,2.5013063046845936,2.1544514388954825,1.1609945156001902
multiclass_3group,fusion_scalar_raw,pca,5,ACLD,HA,18.338051517614566,5.110531736034099,3.588286398519727
multiclass_3group,fusion_scalar_raw,pca,5,ACLR,HA,18.25473775831252,4.776210535237885,3.822012791026039
multiclass_3group,fusion_scalar_raw,lda,1,ACLD,ACLR,16.698355317650325,11.941176604703067,1.398384419762591
multiclass_3group,fusion_scalar_raw,lda,1,ACLD,HA,6.570998215649773,9.493599235132521,0.6921503692016813
multiclass_3group,fusion_scalar_raw,lda,1,ACLR,HA,16.41146104611843,13.901299993161489,1.1805702383368297
multiclass_3group,fusion_scalar_raw,lda,2,ACLD,ACLR,12.998469369440906,12.307194143811381,1.0561683855435993
multiclass_3group,fusion_scalar_raw,lda,2,ACLD,HA,6.6350602574420385,11.188384329357994,0.5930311349809314
multiclass_3group,fusion_scalar_raw,lda,2,ACLR,HA,19.517720906798168,11.691048093298063,1.6694586106430247
multiclass_3group,fusion_scalar_raw,lda,3,ACLD,ACLR,59.83058660473839,76.11981484952182,0.7860054142671663
multiclass_3group,fusion_scalar_raw,lda,3,ACLD,HA,94.66594896391405,84.52668031526262,1.1199534704407481
multiclass_3group,fusion_scalar_raw,lda,3,ACLR,HA,34.95843357423357,54.854144521725644,0.637297944923521
multiclass_3group,fusion_scalar_raw,lda,4,ACLD,ACLR,79.39017329626837,150.3970904312004,0.527870406725625
multiclass_3group,fusion_scalar_raw,lda,4,ACLD,HA,84.02734141235851,123.95866765974169,0.6778657999375081
multiclass_3group,fusion_scalar_raw,lda,4,ACLR,HA,12.883538006627775,59.433628777132185,0.21677185579462505
multiclass_3group,fusion_scalar_raw,lda,5,ACLD,ACLR,6.540215129017672,14.691988871916825,0.4451551921278026
multiclass_3group,fusion_scalar_raw,lda,5,ACLD,HA,21.63597813704711,18.90754272694565,1.1443040721633857
multiclass_3group,fusion_scalar_raw,lda,5,ACLR,HA,21.367340818133858,18.70810273300396,1.1421436541738994
multiclass_3group,fusion_scalar_raw,plsda,1,ACLD,ACLR,1.3883918280935383,4.523449734124041,0.3069320783250393
multiclass_3group,fusion_scalar_raw,plsda,1,ACLD,HA,23.764147249963216,2.5212017235109347,9.425722276942647
multiclass_3group,fusion_scalar_raw,plsda,1,ACLR,HA,22.37861557431224,3.728222372728757,6.002489480779792
multiclass_3group,fusion_scalar_raw,plsda,2,ACLD,ACLR,1.3564468187102978,3.0361329699956703,0.4467679222600821
multiclass_3group,fusion_scalar_raw,plsda,2,ACLD,HA,12.915056199874977,5.375878535700218,2.4024084833964294
multiclass_3group,fusion_scalar_raw,plsda,2,ACLR,HA,13.23250643446215,6.121803650624972,2.161537218383548
multiclass_3group,fusion_scalar_raw,plsda,3,ACLD,ACLR,5.047291718298538,5.307005974895931,0.9510620003395632
multiclass_3group,fusion_scalar_raw,plsda,3,ACLD,HA,16.87605729635104,5.351454295874221,3.1535460013854317
multiclass_3group,fusion_scalar_raw,plsda,3,ACLR,HA,19.259154385898153,6.114399608228165,3.1498030256283958
multiclass_3group,fusion_scalar_raw,plsda,4,ACLD,ACLR,2.257141157859955,4.38143995138566,0.5151596696300993
multiclass_3group,fusion_scalar_raw,plsda,4,ACLD,HA,8.0031398485365,4.878910114587166,1.6403540259141862
multiclass_3group,fusion_scalar_raw,plsda,4,ACLR,HA,8.34072561366824,6.156579391997975,1.3547661911919975
multiclass_3group,fusion_scalar_raw,plsda,5,ACLD,ACLR,3.0311875756274165,2.1644739898277896,1.4004268888759364
multiclass_3group,fusion_scalar_raw,plsda,5,ACLD,HA,18.19457549720215,4.182868300282136,4.349784451969219
multiclass_3group,fusion_scalar_raw,plsda,5,ACLR,HA,18.221381636587484,4.676273994358306,3.8965598804883297
multiclass_3group,fusion_scalar_raw,nca,1,ACLD,ACLR,16.71803541265751,11.766829071006507,1.4207766010514071
multiclass_3group,fusion_scalar_raw,nca,1,ACLD,HA,6.510390503337184,9.45255594704813,0.6887439270190477
multiclass_3group,fusion_scalar_raw,nca,1,ACLR,HA,16.081860627766975,13.840372702416209,1.161952858752095
multiclass_3group,fusion_scalar_raw,nca,2,ACLD,ACLR,12.998469369440915,12.307194143811385,1.0561683855435997
multiclass_3group,fusion_scalar_raw,nca,2,ACLD,HA,6.63506025744204,11.188384329357996,0.5930311349809315
multiclass_3group,fusion_scalar_raw,nca,2,ACLR,HA,19.51772090679818,11.691048093298063,1.6694586106430256
multiclass_3group,fusion_scalar_raw,nca,3,ACLD,ACLR,59.83058660473837,76.11981484952186,0.7860054142671656
multiclass_3group,fusion_scalar_raw,nca,3,ACLD,HA,94.66594896391406,84.52668031526262,1.1199534704407483
multiclass_3group,fusion_scalar_raw,nca,3,ACLR,HA,34.95843357423359,54.85414452172567,0.637297944923521
multiclass_3group,fusion_scalar_raw,nca,4,ACLD,ACLR,79.39017329626836,150.39709043120035,0.5278704067256251
multiclass_3group,fusion_scalar_raw,nca,4,ACLD,HA,84.0273414123585,123.95866765974165,0.6778657999375082
multiclass_3group,fusion_scalar_raw,nca,4,ACLR,HA,12.883538006627779,59.433628777132164,0.21677185579462518
multiclass_3group,fusion_scalar_raw,nca,5,ACLD,ACLR,6.7073235355955605,14.536780999849915,0.4614036309458614
multiclass_3group,fusion_scalar_raw,nca,5,ACLD,HA,20.748683111731697,18.976471174633282,1.0933899628012722
multiclass_3group,fusion_scalar_raw,nca,5,ACLR,HA,20.431209099668322,18.80180161349947,1.0866623060738476
multiclass_3group,fusion_scalar_raw,rf_proba,1,ACLD,ACLR,0.028528245164609493,0.36163383859189824,0.0788871010403522
multiclass_3group,fusion_scalar_raw,rf_proba,1,ACLD,HA,0.8278585132083407,0.18204997807315515,4.547424404938259
multiclass_3group,fusion_scalar_raw,rf_proba,1,ACLR,HA,0.7995410576883406,0.2545256062013875,3.141299100003802
multiclass_3group,fusion_scalar_raw,rf_proba,2,ACLD,ACLR,0.08399088527014152,0.2163860146756676,0.38815302086889547
multiclass_3group,fusion_scalar_raw,rf_proba,2,ACLD,HA,0.6582809714046928,0.2195216905075429,2.998705822111341
multiclass_3group,fusion_scalar_raw,rf_proba,2,ACLR,HA,0.7022170850045961,0.21253808200925817,3.303958887584238
multiclass_3group,fusion_scalar_raw,rf_proba,3,ACLD,ACLR,0.23923289584638094,0.33812321698713343,0.7075317039098337
multiclass_3group,fusion_scalar_raw,rf_proba,3,ACLD,HA,0.5371487432750474,0.1997170121525083,2.6895492651615913
multiclass_3group,fusion_scalar_raw,rf_proba,3,ACLR,HA,0.7754154691712921,0.22494797115525916,3.4470880763627787
multiclass_3group,fusion_scalar_raw,rf_proba,4,ACLD,ACLR,0.09806612175493999,0.19021823023882287,0.5155453377513605
multiclass_3group,fusion_scalar_raw,rf_proba,4,ACLD,HA,0.5973962917060702,0.19306634725290223,3.0942538676796247
multiclass_3group,fusion_scalar_raw,rf_proba,4,ACLR,HA,0.554831171384125,0.1998689836684535,2.775974346797548
multiclass_3group,fusion_scalar_raw,rf_proba,5,ACLD,ACLR,0.10625125046433177,0.1488583933970855,0.7137739971497775
multiclass_3group,fusion_scalar_raw,rf_proba,5,ACLD,HA,0.9214888289771701,0.15557951250260288,5.922944571263863
multiclass_3group,fusion_scalar_raw,rf_proba,5,ACLR,HA,0.9529656661381061,0.2081890116685611,4.5774061680797855
multiclass_3group,fusion_all_common,pca,1,ACLD,ACLR,1.3363659926477682,6.322458779105065,0.21136808310467609
multiclass_3group,fusion_all_common,pca,1,ACLD,HA,24.64733540902791,3.606834344847321,6.833509125318935
multiclass_3group,fusion_all_common,pca,1,ACLR,HA,23.42981669676646,4.553418562237643,5.145544249121822
multiclass_3group,fusion_all_common,pca,2,ACLD,ACLR,1.4869789263453492,3.291713539023748,0.45173400076191184
multiclass_3group,fusion_all_common,pca,2,ACLD,HA,13.113612471668974,6.073635016109773,2.1591044632886716
multiclass_3group,fusion_all_common,pca,2,ACLR,HA,13.332018669828827,6.536757665628054,2.039546110135304
multiclass_3group,fusion_all_common,pca,3,ACLD,ACLR,5.199773888029814,5.230022992219033,0.9942162578951904
multiclass_3group,fusion_all_common,pca,3,ACLD,HA,17.158331393456496,5.553203546306036,3.0898077569784266
multiclass_3group,fusion_all_common,pca,3,ACLR,HA,19.36550350184788,6.484055759942362,2.986634325615365
multiclass_3group,fusion_all_common,pca,4,ACLD,ACLR,0.7343280309661088,4.734809571923788,0.15509135474433577
multiclass_3group,fusion_all_common,pca,4,ACLD,HA,8.268803857386844,5.0436995620282215,1.6394322769815641
multiclass_3group,fusion_all_common,pca,4,ACLR,HA,7.987694935224816,6.484051158794034,1.2318988144304592
multiclass_3group,fusion_all_common,pca,5,ACLD,ACLR,2.5013063046845936,2.1544514388954825,1.1609945156001902
multiclass_3group,fusion_all_common,pca,5,ACLD,HA,18.338051517614566,5.110531736034099,3.588286398519727
multiclass_3group,fusion_all_common,pca,5,ACLR,HA,18.25473775831252,4.776210535237885,3.822012791026039
multiclass_3group,fusion_all_common,lda,1,ACLD,ACLR,9.70309368541888,8.602040386490309,1.1279990850377544
multiclass_3group,fusion_all_common,lda,1,ACLD,HA,7.911935940872348,6.61649822371919,1.1957890221309515
multiclass_3group,fusion_all_common,lda,1,ACLR,HA,14.18226937180541,9.69502517459318,1.4628398705937884
multiclass_3group,fusion_all_common,lda,2,ACLD,ACLR,12.998469369440906,12.307194143811381,1.0561683855435993
multiclass_3group,fusion_all_common,lda,2,ACLD,HA,6.6350602574420385,11.188384329357994,0.5930311349809314
multiclass_3group,fusion_all_common,lda,2,ACLR,HA,19.517720906798168,11.691048093298063,1.6694586106430247
multiclass_3group,fusion_all_common,lda,3,ACLD,ACLR,59.83058660473839,76.11981484952182,0.7860054142671663
multiclass_3group,fusion_all_common,lda,3,ACLD,HA,94.66594896391405,84.52668031526262,1.1199534704407481
multiclass_3group,fusion_all_common,lda,3,ACLR,HA,34.95843357423357,54.854144521725644,0.637297944923521
multiclass_3group,fusion_all_common,lda,4,ACLD,ACLR,79.39017329626837,150.3970904312004,0.527870406725625
multiclass_3group,fusion_all_common,lda,4,ACLD,HA,84.02734141235851,123.95866765974169,0.6778657999375081
multiclass_3group,fusion_all_common,lda,4,ACLR,HA,12.883538006627775,59.433628777132185,0.21677185579462505
multiclass_3group,fusion_all_common,lda,5,ACLD,ACLR,6.540215129017672,14.691988871916825,0.4451551921278026
multiclass_3group,fusion_all_common,lda,5,ACLD,HA,21.63597813704711,18.90754272694565,1.1443040721633857
multiclass_3group,fusion_all_common,lda,5,ACLR,HA,21.367340818133858,18.70810273300396,1.1421436541738994
multiclass_3group,fusion_all_common,plsda,1,ACLD,ACLR,1.3708323872421189,4.526113869478356,0.3028718292940584
multiclass_3group,fusion_all_common,plsda,1,ACLD,HA,23.702324827892404,2.521202201402005,9.40119948122839
multiclass_3group,fusion_all_common,plsda,1,ACLR,HA,22.33530337308711,3.6983713175551993,6.039226852930446
multiclass_3group,fusion_all_common,plsda,2,ACLD,ACLR,1.3564468187102978,3.0361329699956703,0.4467679222600821
multiclass_3group,fusion_all_common,plsda,2,ACLD,HA,12.915056199874977,5.375878535700218,2.4024084833964294
multiclass_3group,fusion_all_common,plsda,2,ACLR,HA,13.23250643446215,6.121803650624972,2.161537218383548
multiclass_3group,fusion_all_common,plsda,3,ACLD,ACLR,5.047291718298538,5.307005974895931,0.9510620003395632
multiclass_3group,fusion_all_common,plsda,3,ACLD,HA,16.87605729635104,5.351454295874221,3.1535460013854317
multiclass_3group,fusion_all_common,plsda,3,ACLR,HA,19.259154385898153,6.114399608228165,3.1498030256283958
multiclass_3group,fusion_all_common,plsda,4,ACLD,ACLR,2.257141157859955,4.38143995138566,0.5151596696300993
multiclass_3group,fusion_all_common,plsda,4,ACLD,HA,8.0031398485365,4.878910114587166,1.6403540259141862
multiclass_3group,fusion_all_common,plsda,4,ACLR,HA,8.34072561366824,6.156579391997975,1.3547661911919975
multiclass_3group,fusion_all_common,plsda,5,ACLD,ACLR,3.0311875756274165,2.1644739898277896,1.4004268888759364
multiclass_3group,fusion_all_common,plsda,5,ACLD,HA,18.19457549720215,4.182868300282136,4.349784451969219
multiclass_3group,fusion_all_common,plsda,5,ACLR,HA,18.221381636587484,4.676273994358306,3.8965598804883297
multiclass_3group,fusion_all_common,nca,1,ACLD,ACLR,9.810033830244961,8.451031938486722,1.1608089877839922
multiclass_3group,fusion_all_common,nca,1,ACLD,HA,8.774615695048158,6.487220303542233,1.3526002331471514
multiclass_3group,fusion_all_common,nca,1,ACLR,HA,13.96105989123629,9.814063162774852,1.4225565557995559
multiclass_3group,fusion_all_common,nca,2,ACLD,ACLR,12.998469369440915,12.307194143811385,1.0561683855435997
multiclass_3group,fusion_all_common,nca,2,ACLD,HA,6.63506025744204,11.188384329357996,0.5930311349809315
multiclass_3group,fusion_all_common,nca,2,ACLR,HA,19.51772090679818,11.691048093298063,1.6694586106430256
multiclass_3group,fusion_all_common,nca,3,ACLD,ACLR,59.83058660473837,76.11981484952186,0.7860054142671656
multiclass_3group,fusion_all_common,nca,3,ACLD,HA,94.66594896391406,84.52668031526262,1.1199534704407483
multiclass_3group,fusion_all_common,nca,3,ACLR,HA,34.95843357423359,54.85414452172567,0.637297944923521
multiclass_3group,fusion_all_common,nca,4,ACLD,ACLR,79.39017329626836,150.39709043120035,0.5278704067256251
multiclass_3group,fusion_all_common,nca,4,ACLD,HA,84.0273414123585,123.95866765974165,0.6778657999375082
multiclass_3group,fusion_all_common,nca,4,ACLR,HA,12.883538006627779,59.433628777132164,0.21677185579462518
multiclass_3group,fusion_all_common,nca,5,ACLD,ACLR,6.7073235355955605,14.536780999849915,0.4614036309458614
multiclass_3group,fusion_all_common,nca,5,ACLD,HA,20.748683111731697,18.976471174633282,1.0933899628012722
multiclass_3group,fusion_all_common,nca,5,ACLR,HA,20.431209099668322,18.80180161349947,1.0866623060738476
multiclass_3group,fusion_all_common,rf_proba,1,ACLD,ACLR,0.03895555375334636,0.36185434372347913,0.10765534372889914
multiclass_3group,fusion_all_common,rf_proba,1,ACLD,HA,0.8399032330267003,0.17682773011208527,4.74983891098027
multiclass_3group,fusion_all_common,rf_proba,1,ACLR,HA,0.808778097759228,0.2498715553405365,3.2367753770811882
multiclass_3group,fusion_all_common,rf_proba,2,ACLD,ACLR,0.0839908852701415,0.2163860146756676,0.3881530208688953
multiclass_3group,fusion_all_common,rf_proba,2,ACLD,HA,0.6582809714046928,0.2195216905075429,2.998705822111341
multiclass_3group,fusion_all_common,rf_proba,2,ACLR,HA,0.7022170850045961,0.21253808200925817,3.303958887584238
multiclass_3group,fusion_all_common,rf_proba,3,ACLD,ACLR,0.23923289584638097,0.33812321698713343,0.7075317039098338
multiclass_3group,fusion_all_common,rf_proba,3,ACLD,HA,0.5371487432750474,0.1997170121525083,2.6895492651615913
multiclass_3group,fusion_all_common,rf_proba,3,ACLR,HA,0.7754154691712921,0.22494797115525916,3.4470880763627787
multiclass_3group,fusion_all_common,rf_proba,4,ACLD,ACLR,0.09806612175493992,0.19021823023882284,0.5155453377513602
multiclass_3group,fusion_all_common,rf_proba,4,ACLD,HA,0.5973962917060702,0.19306634725290223,3.0942538676796247
multiclass_3group,fusion_all_common,rf_proba,4,ACLR,HA,0.554831171384125,0.19986898366845346,2.7759743467975486
multiclass_3group,fusion_all_common,rf_proba,5,ACLD,ACLR,0.10625125046433177,0.1488583933970855,0.7137739971497775
multiclass_3group,fusion_all_common,rf_proba,5,ACLD,HA,0.9214888289771701,0.15557951250260288,5.922944571263863
multiclass_3group,fusion_all_common,rf_proba,5,ACLR,HA,0.9529656661381061,0.2081890116685611,4.5774061680797855
