feature_raw,feature_description,speed,side,statistic,source_column,feature_category,cycle_point,PC1,PC2,PC3,PC4,PC5,PC6,PC7,PC8,PC9,PC10
slow__footContacts_0__mean,Foot contact signal 0,slow,,mean,footContacts_0,foot contact,,-0.001631159512000337,0.012442966001357325,-0.009932401301715426,0.07887220389426099,-0.0641675833622507,0.05997157118993115,-0.1640815963970597,0.005039142018463271,0.048244864075382615,0.10939872951069868
slow__footContacts_0__std,Foot contact signal 0,slow,,std,footContacts_0,foot contact,,0.006655632182059235,0.017323886418158907,0.006512797007053807,-0.0036980443029833174,-0.02441722964427916,0.019211357123201288,-0.099688429381474,-0.08827242394708847,-0.0053291743379390915,0.07278512208038532
slow__footContacts_1__mean,Foot contact signal 1,slow,,mean,footContacts_1,foot contact,,-0.008906795556080739,-0.03717448204602005,-0.030425235266190846,-0.15130883670315576,-0.034166094343347095,-0.0662212304265987,0.025468346472843236,-0.13189304296969195,0.03640570551474078,0.017180383204170535
slow__footContacts_1__std,Foot contact signal 1,slow,,std,footContacts_1,foot contact,,0.0003021879612130449,-0.0028246599106003184,-0.02195304255575233,-0.12080655622107593,0.0010069251909098954,-0.07766629042974303,0.0240146495601249,-0.17921747064522553,0.02164290487256641,-0.002448594455868414
slow__footContacts_2__mean,Foot contact signal 2,slow,,mean,footContacts_2,foot contact,,-0.03922533462280649,-0.011632549205245151,0.015367680472268922,0.0412871404124517,-0.10747754999045588,0.11813758542972547,-0.09503095227309073,0.011594281757500787,0.08882268711927743,0.07074240822322936
slow__footContacts_2__std,Foot contact signal 2,slow,,std,footContacts_2,foot contact,,-0.03952957681822572,-0.03291044493814248,0.03340839026847738,-0.021685863658066518,-0.05699979578720708,0.06992403004321582,-0.013405505763496143,-0.014820304000881685,0.08597229432125703,0.050912028621803024
slow__footContacts_3__mean,Foot contact signal 3,slow,,mean,footContacts_3,foot contact,,-0.025583253858340448,-0.0298383911063413,-0.02066727409157937,-0.12739133686456922,0.026679730607598675,-0.0635045658562692,0.0684133053170833,-0.0863515113864407,0.05755167909186669,0.015666232908349984
slow__footContacts_3__std,Foot contact signal 3,slow,,std,footContacts_3,foot contact,,-0.008481626498576075,-0.049093633542778854,-0.02247966661908901,-0.09899500374429566,0.06110293782917554,-0.06433467273151278,0.039015207200485576,-0.11638059248401614,0.061873484039148004,0.022376719760835887
slow__jointAngle_42__mean,Right hip adduction,slow,Right,mean,jointAngle_42,joint angle,,0.07725101367247478,-0.06508677606028823,-0.04372160505542348,0.10477062834011458,-0.043313309347524774,-0.013374569003433085,0.044817738623831614,-0.0974517565985073,0.017693762592390642,0.0035059215492110967
slow__jointAngle_42__std,Right hip adduction,slow,Right,std,jointAngle_42,joint angle,,0.0965076238225395,-0.04351755182985949,0.0700972225984247,0.04772764796761927,-0.004650862593301614,-0.008718808260046538,-0.005475758565298505,0.0074869569626834255,0.12450190188890635,-0.10649965855561781
slow__jointAngle_42__min,Right hip adduction,slow,Right,min,jointAngle_42,joint angle,,-0.15245865095042466,-0.031584751380664085,0.011603970186719496,0.04322941071630499,-0.03399720653175173,0.004132439606149977,0.0358071244173237,-0.02307422939560981,-0.01516719351712483,0.04195062364194604
slow__jointAngle_42__max,Right hip adduction,slow,Right,max,jointAngle_42,joint angle,,0.13923681548699918,-0.03311524010206666,-0.023671934721189867,0.06303146537680407,0.0030673753516150255,-0.013305254262643394,-0.015410691127660407,-0.004262300861827327,0.05197466140110567,-0.029853668964963453
slow__jointAngle_43__mean,Right hip internal rotation,slow,Right,mean,jointAngle_43,joint angle,,-0.004552400479260504,0.11419297735927345,0.09992547914016503,-0.035599811881862675,0.08852837175019913,0.028694703407961798,0.014824057458078117,-0.10562722569904917,-0.052524657155759276,0.08176082473286354
slow__jointAngle_43__std,Right hip internal rotation,slow,Right,std,jointAngle_43,joint angle,,0.13739321535791202,-0.02761516847224621,-0.03012356837843618,-0.055588878819618666,0.011023394563384825,0.021400492706488118,-0.04200604015382887,-0.03491770514050286,-0.04893195628903871,-0.044163741787838585
slow__jointAngle_43__min,Right hip internal rotation,slow,Right,min,jointAngle_43,joint angle,,-0.15370269648218093,0.015220785080862028,0.05969822613113215,0.02499078813883582,-0.01036088457635751,0.0048324889872169135,0.030848214552204548,-0.02120473411765693,0.0017385951508622937,0.035501957510230046
slow__jointAngle_43__max,Right hip internal rotation,slow,Right,max,jointAngle_43,joint angle,,0.15306775363583675,0.04499693896873167,-0.023533036864151768,-0.028024393011637127,0.04251726036262067,-0.0010493068452995912,-0.02185316799452557,-0.03633272228100599,-0.015113400097387333,0.0082813525524707
slow__jointAngle_44__mean,Right hip flexion,slow,Right,mean,jointAngle_44,joint angle,,0.008137976563950955,0.0992843380670146,0.10395740114962852,0.0420929714551866,-0.11116710992920979,-0.0134369217729877,0.043127654775973884,-0.04906820697328567,0.039022434066975344,-0.12120839124019794
slow__jointAngle_44__std,Right hip flexion,slow,Right,std,jointAngle_44,joint angle,,0.03680166299389049,0.0699577060779042,0.005036171104847725,-0.07830091859416975,-0.06904658477026752,0.09143284905286463,0.03169356026555488,0.00833726044911885,-0.061026268733012715,-0.018776618801984613
slow__jointAngle_44__min,Right hip flexion,slow,Right,min,jointAngle_44,joint angle,,-0.1217781291257715,0.020890385327938216,0.09244001402365751,0.06254796473381362,-0.0646563661375184,-0.03536285130815705,0.044211990922021945,-0.010375822002691323,0.032006809974461016,-0.058087898325215395
slow__jointAngle_44__max,Right hip flexion,slow,Right,max,jointAngle_44,joint angle,,0.03404702533177689,0.09560576036967638,0.08847680829440878,-0.0044006148764561374,-0.1192112365227407,0.05421800401549516,0.048347649960935955,-0.019543759307845222,-0.032119397769015505,-0.10095627364462822
slow__jointAngle_45__mean,Right knee adduction,slow,Right,mean,jointAngle_45,joint angle,,-0.048517023171159204,-0.060300400400268954,-0.1017065492034776,-0.05985675609463023,-0.04054023355714423,0.09544071695631012,0.010785880462577845,0.03479899641644306,-0.09861861457009664,0.012346111739850332
slow__jointAngle_45__std,Right knee adduction,slow,Right,std,jointAngle_45,joint angle,,0.0589015541976431,-0.02987642158266169,-0.025910640129698063,-0.05047909735389774,0.00641532194086289,-0.05349601279145347,0.0034178424143995654,0.1002141444351622,-0.0722597935937379,-0.0011934706325169343
slow__jointAngle_45__min,Right knee adduction,slow,Right,min,jointAngle_45,joint angle,,-0.15429732836330026,-0.04185598564878756,0.010976181702321034,-0.014940863621114948,-0.03963377736101132,0.04385173794277914,-0.006484430155425406,0.002770675282582454,-0.012990174118162397,0.0014444792877063462
slow__jointAngle_45__max,Right knee adduction,slow,Right,max,jointAngle_45,joint angle,,0.13300599498374532,-0.026354636391878596,-0.06226812161105781,-0.06668275348123807,-0.02009095775494662,0.009948130633694008,-0.05810081090074457,0.055352251258259835,-0.05036868137214636,-0.0032798773318743813
slow__jointAngle_46__mean,Right knee internal rotation,slow,Right,mean,jointAngle_46,joint angle,,0.04492803984059297,0.030997008476164475,0.022644810536867257,-0.054300105437663566,0.09160853487764987,0.006729031986266467,0.11290544224480045,0.01410486790527128,-0.050734552155446457,0.0630054331370444
slow__jointAngle_46__std,Right knee internal rotation,slow,Right,std,jointAngle_46,joint angle,,0.15669922908223632,0.00722470143587425,-0.012881441323899949,-0.0009674896827235802,0.011763337049089405,-0.04325844508879859,-0.01232634811314311,0.016122397965852627,-0.002248739919464712,0.013382887806150304
slow__jointAngle_46__min,Right knee internal rotation,slow,Right,min,jointAngle_46,joint angle,,-0.1602127705119227,-0.01877825942293099,0.034793242013216034,0.014576436292747226,-0.010902023272435354,0.017626695459803266,0.02623401421582216,-0.00162937973481348,0.0008937203171794878,0.0068280568850552555
slow__jointAngle_46__max,Right knee internal rotation,slow,Right,max,jointAngle_46,joint angle,,0.15955327126971353,0.02473480330684184,-0.0358127961939451,-0.021143463236770233,0.018130117318028768,-0.02157080144426317,-0.021109831905984113,-0.0005220197516919973,-0.00592848040034975,-0.0008059325632206658
slow__jointAngle_47__mean,Right knee flexion,slow,Right,mean,jointAngle_47,joint angle,,0.040138744231966006,-0.022989736724536653,0.024852889291639032,0.0902994045704709,0.07597910254545906,0.060909496586619837,0.13585634010452188,-0.04038680032325182,0.07813728966144134,-0.029346995077313143
slow__jointAngle_47__std,Right knee flexion,slow,Right,std,jointAngle_47,joint angle,,0.05305093176534262,-0.04944127278716716,0.030061827747636643,-0.06369979833507299,-0.054567832705893014,0.03373994683434026,0.08451402030638319,0.06794898752718001,0.0036399040037726226,0.09736013430634098
slow__jointAngle_47__min,Right knee flexion,slow,Right,min,jointAngle_47,joint angle,,-0.10861809054778851,-0.048031560215230876,0.024023546672202013,0.07987221634093447,0.06493904215338633,0.025502348757097885,0.050595026982655916,-0.08996966637940083,0.0006570061593337749,-0.03194637046697429
slow__jointAngle_47__max,Right knee flexion,slow,Right,max,jointAngle_47,joint angle,,0.14984999863433482,-0.010338059289614242,-0.015459135545471023,-0.004465117363288314,0.016011166756288258,0.028694618392607417,0.04382831025551423,0.0303627625801439,0.013771492725145704,0.0422053865500715
slow__jointAngle_48__mean,Right ankle adduction,slow,Right,mean,jointAngle_48,joint angle,,-0.05880399077619499,0.06196684980393471,0.005415227790371376,-0.08817656580617103,0.0043405236193478705,0.006820067910848033,0.042937188532246554,0.1489316396344726,0.10030194400874214,-0.03855150515004227
slow__jointAngle_48__std,Right ankle adduction,slow,Right,std,jointAngle_48,joint angle,,0.13984374188871088,-0.00012557307703619104,0.015861461299366664,0.023057946707145373,0.05906903666074882,-0.005485064608315361,-0.06998079327784501,0.011494402996546174,-0.06776383607598105,-0.05000874995809553
slow__jointAngle_48__min,Right ankle adduction,slow,Right,min,jointAngle_48,joint angle,,-0.14360299243346045,0.006350710294212289,-0.006934565635215998,-0.026689836123399594,-0.04162179167528312,-0.0011125760198617653,0.05747057875608208,0.017498008036140336,0.06470203750860264,0.025517691527921486
slow__jointAngle_48__max,Right ankle adduction,slow,Right,max,jointAngle_48,joint angle,,0.14850529434017842,0.04091560770650467,-0.01682455097578703,-0.03242650366857352,0.04539507376456296,-0.021151530254601838,-0.030320347153054837,0.053532919291407785,0.011210513122611947,-0.0519171075488387
slow__jointAngle_49__mean,Right ankle internal rotation,slow,Right,mean,jointAngle_49,joint angle,,0.0693148748035166,-0.06233595681202906,0.02766026344616316,-0.0682507607180974,-0.0674086763694873,0.10239831463476383,0.09782526950366355,0.03607661596879142,-0.06026679393996607,0.07074424306572825
slow__jointAngle_49__std,Right ankle internal rotation,slow,Right,std,jointAngle_49,joint angle,,0.16133251605006527,0.01795877927169976,-0.020190191909979973,-0.024727575794669797,0.013969473315243263,-0.014576703497403051,-0.0181513237022413,0.0007821453879766769,-0.00820471971816653,-0.01666530494449491
slow__jointAngle_49__min,Right ankle internal rotation,slow,Right,min,jointAngle_49,joint angle,,-0.15180663854520998,-0.03976048223570973,0.0403741028294267,0.008930324902866446,-0.033111770508457004,0.03969832068603572,0.049657114626931474,0.011468554811971876,-0.009928882944779938,0.0282931613349537
slow__jointAngle_49__max,Right ankle internal rotation,slow,Right,max,jointAngle_49,joint angle,,0.15829031622609555,7.752789640983517e-05,0.0009864440488876853,-0.04268568633939714,-0.005217427510936681,0.01628745337383052,-0.0010182113754233979,0.012278096108046336,-0.0258685561144731,-0.001137665129462652
slow__jointAngle_50__mean,Right ankle dorsiflexion,slow,Right,mean,jointAngle_50,joint angle,,0.05129491580719305,0.040576348963975294,-0.03847612923409998,0.15411352962164326,0.06484288164223495,0.07492599295369254,-0.037021826994512994,0.00914767541282544,0.03792042256368681,-0.007127836985298877
slow__jointAngle_50__std,Right ankle dorsiflexion,slow,Right,std,jointAngle_50,joint angle,,0.15371371329763103,0.005311466549523314,-0.006098761438497371,-0.058839193006944394,0.004700824982795948,-0.016683556508756383,-0.015010969715127888,0.0038374490036907506,-0.013207046406402361,-0.03158942722057828
slow__jointAngle_50__min,Right ankle dorsiflexion,slow,Right,min,jointAngle_50,joint angle,,-0.14935861167391484,-0.010286044599175058,0.007794415258464079,0.07479008126259394,0.009605005874590325,0.024445409040169664,0.02959650238300884,-0.008819096105669095,0.025973950704689375,0.028056564529525357
slow__jointAngle_50__max,Right ankle dorsiflexion,slow,Right,max,jointAngle_50,joint angle,,0.15957733868638418,0.02412917674458296,-0.036628264821677074,-0.00635981234280381,0.025408217885264043,0.0008921831692596144,-0.028303851504247416,-0.00028740674543449455,0.009463677542837536,-0.011310589543936595
slow__jointAngle_54__mean,Left hip adduction,slow,Left,mean,jointAngle_54,joint angle,,0.03130659585258931,0.04150774604539162,-0.06809654918953159,0.05083437446080049,-0.10588338267257491,-0.10657467992813055,0.10918779303770206,-0.012061432262370017,-0.073918808236899,0.02461391815119178
slow__jointAngle_54__std,Left hip adduction,slow,Left,std,jointAngle_54,joint angle,,0.08355561848279695,-0.06305825802875875,0.08318740511824305,0.022760383982955695,-0.027681444469472655,0.007093008414483385,-0.008052179042945036,0.008705795876298538,0.1551970559431428,-0.08380744821299763
slow__jointAngle_54__min,Left hip adduction,slow,Left,min,jointAngle_54,joint angle,,-0.15646861545414517,0.0002978068846259889,0.010352934098486316,0.02711966648322357,-0.03772879335103959,-0.021181548275454137,0.04381898850014473,0.005854682334826982,-0.034275160090696234,0.0314249889066192
slow__jointAngle_54__max,Left hip adduction,slow,Left,max,jointAngle_54,joint angle,,0.0785683560193325,-0.029522742937081313,0.021603640083038427,0.05641935454049275,-0.07015781854362656,-0.028014273138193768,0.06344199417193103,0.01733855827248258,0.06852728517595197,-0.04604121220547739
slow__jointAngle_55__mean,Left hip internal rotation,slow,Left,mean,jointAngle_55,joint angle,,-0.0025951550304444894,0.143164094702221,0.07680367211513284,-0.05112878576718684,0.0922924823072674,0.04438659251539785,-0.026219187980918334,-0.04914925598342223,-0.08298119161362225,0.0592932855686527
slow__jointAngle_55__std,Left hip internal rotation,slow,Left,std,jointAngle_55,joint angle,,0.053896951778308944,-0.027347796843751212,0.011943238575622432,-0.05738133633697734,-0.036976747422910364,-0.019848724968911484,0.023048978996375164,-0.0699945973669429,-0.06499926099369108,-0.051661964330865576
slow__jointAngle_55__min,Left hip internal rotation,slow,Left,min,jointAngle_55,joint angle,,-0.14801455588191853,0.03403334056573433,0.06122179931311868,0.018599384158131067,0.010327492444969796,0.013150538078096014,0.009871023093787332,-0.012429305651259553,-0.008590764436845985,0.023760903364235954
slow__jointAngle_55__max,Left hip internal rotation,slow,Left,max,jointAngle_55,joint angle,,0.13851473021517444,0.06872357969114683,-0.010567084535388948,-0.034234852391536334,0.06415197184683073,-0.0020296410364982116,-0.013458824208979547,-0.044174894423850274,-0.0433220754173277,-0.0010596054470909317
slow__jointAngle_56__mean,Left hip flexion,slow,Left,mean,jointAngle_56,joint angle,,0.01894029237957189,0.13468201465302873,0.08252149054868763,0.01358101168797727,-0.11986625534027119,-0.024676163705349422,0.06658765753642083,0.004498952518867256,-0.006762043624782865,-0.09569243908317243
slow__jointAngle_56__std,Left hip flexion,slow,Left,std,jointAngle_56,joint angle,,0.06391010702120586,-0.0429620265764997,0.04173363742337169,-0.012085796407163835,0.027892292202521686,0.06933166141009628,-0.013745532144143525,-0.15715375930986994,0.0031552085003879846,-0.0725491016897949
slow__jointAngle_56__min,Left hip flexion,slow,Left,min,jointAngle_56,joint angle,,-0.1262381718129725,0.053313509790859775,0.0791794974412026,0.03061341383128293,-0.08073465638444224,-0.02944714367760931,0.042380165823104464,0.03842883217669096,0.02478129430543642,-0.030644885155964387
slow__jointAngle_56__max,Left hip flexion,slow,Left,max,jointAngle_56,joint angle,,0.13837358966053703,0.06914176101870644,0.026281710673568492,-0.015836356893032637,-0.04951126050011593,-0.002040868747424829,-0.006701014197988138,-0.03566068626653447,-0.00755156520832159,-0.08723402493556158
slow__jointAngle_57__mean,Left knee adduction,slow,Left,mean,jointAngle_57,joint angle,,-0.05597129611098216,-0.032088007849901574,-0.084781647013376,-0.047107093917098136,0.014505208326305443,0.120309055580132,0.0728391800647883,-0.06677476494729691,-0.13330063413113744,-0.056064543854009906
slow__jointAngle_57__std,Left knee adduction,slow,Left,std,jointAngle_57,joint angle,,0.05081724008571765,-0.11238943751466501,-0.040590971669022244,-0.019943763939210532,-0.06907785881995586,0.057749530515001146,0.08590003009784561,-0.06217046154792696,-0.04424699124397624,-0.10177599474331815
slow__jointAngle_57__min,Left knee adduction,slow,Left,min,jointAngle_57,joint angle,,-0.16011222541042508,-0.025379416030793824,0.023410421316056126,0.012153830874976419,-0.01316685003340995,0.025522040679955147,0.015291971533766484,0.004911336047334964,-0.010341444318893334,0.004954030818150572
slow__jointAngle_57__max,Left knee adduction,slow,Left,max,jointAngle_57,joint angle,,0.1009251026516842,-0.08854389281640485,-0.06322050296299483,-0.041382254192147146,-0.034448802632561434,0.06299486662331323,0.06161116545622295,-0.04905441571774283,-0.05348455797568137,-0.07136052372155127
slow__jointAngle_58__mean,Left knee internal rotation,slow,Left,mean,jointAngle_58,joint angle,,-0.042349291094534794,0.08763367660487982,0.04274758321396918,-0.07882410348658694,0.11922656045291768,0.06157878884830926,-0.028331189984738474,0.01435158462743108,-0.029799910095767424,0.0713847526842925
slow__jointAngle_58__std,Left knee internal rotation,slow,Left,std,jointAngle_58,joint angle,,0.13114237948179958,-0.005493974611734775,0.03835737150204191,-0.001644060301960488,-0.0028021105374136214,-0.08647664888538445,-0.007219674245490217,-0.0014274820007573919,0.02901317233519655,0.06978243908999707
slow__jointAngle_58__min,Left knee internal rotation,slow,Left,min,jointAngle_58,joint angle,,-0.16080639512430797,-0.015348522836201818,0.034904851650556575,0.016481247686744093,-0.012387930467436975,0.02201154440264161,0.02001737142246987,0.0019137509914304762,-0.004885323218448898,0.0022445012960336497
slow__jointAngle_58__max,Left knee internal rotation,slow,Left,max,jointAngle_58,joint angle,,0.15914968368780932,0.0235054086053176,-0.0352021155874415,-0.016290523680426716,0.027379164427382145,-0.018215744890414068,-0.032666233733469316,-0.008234145248799313,0.006594709763722531,0.0010005071189121517
slow__jointAngle_59__mean,Left knee flexion,slow,Left,mean,jointAngle_59,joint angle,,0.056449233850346024,0.0722605266808843,0.011334293038879627,-0.017601931942333792,-0.012035470901726873,0.05079644915042631,0.16614027189624428,0.02711027240538191,0.014642548245846236,-0.03007569586563976
slow__jointAngle_59__std,Left knee flexion,slow,Left,std,jointAngle_59,joint angle,,0.07186661261576939,-0.09097373515163133,0.05013651966450589,-0.005141962187287918,0.06718761126604417,0.031669920689530125,-0.04033488568426028,0.016994791423533752,0.0662837960247819,0.02623255494263526
slow__jointAngle_59__min,Left knee flexion,slow,Left,min,jointAngle_59,joint angle,,-0.15864204058966463,-0.01397480653623738,0.031345104100517385,0.020025002507774017,-0.021366558250640617,0.015318260624586352,0.04683623790663623,0.0014621984677917804,-0.00958420838170306,0.011573556726683934
slow__jointAngle_59__max,Left knee flexion,slow,Left,max,jointAngle_59,joint angle,,0.15709792016009405,0.00995821093730435,-0.018443345240230617,-0.009440552882675271,0.04710339401102905,0.013133630745320974,0.004548552744347393,0.022895995945410013,0.014255609649208871,0.0021022876135267797
slow__jointAngle_60__mean,Left ankle adduction,slow,Left,mean,jointAngle_60,joint angle,,-0.0399809692682055,-0.0479912168177339,0.04431923610762316,-0.045620516144087284,0.12494894994668003,0.03830290352805608,0.055792953822248165,0.09485623458499157,0.11165350857118521,-0.06600620029401848
slow__jointAngle_60__std,Left ankle adduction,slow,Left,std,jointAngle_60,joint angle,,0.041620610781645966,0.021370915975617383,0.061412189988099865,0.04300465657524584,0.06374551414943312,0.002797784592995897,-0.12050940430791526,0.08791922853059136,-0.13356978492458932,-0.08151843639351415
slow__jointAngle_60__min,Left ankle adduction,slow,Left,min,jointAngle_60,joint angle,,-0.04878002986462061,-0.012178651418136855,-0.0076521511886421915,-0.05935757464546069,0.019629237086986797,0.028521169490100924,0.13290366025819467,0.02187226353463945,0.16433517244150184,-0.022808184173585665
slow__jointAngle_60__max,Left ankle adduction,slow,Left,max,jointAngle_60,joint angle,,0.06868646680928533,-0.022173684379827516,0.07343967171769028,-0.006121661171344082,0.1564911886117534,0.012243033468237179,-0.008065560289523708,0.08649699152389491,0.03334221971059578,-0.06562239722217947
slow__jointAngle_61__mean,Left ankle internal rotation,slow,Left,mean,jointAngle_61,joint angle,,0.060209241455519966,0.0005039749260231082,0.023907882462319865,-0.07913805332189815,-0.08172917517477965,0.05580404925746701,0.044421230789108215,0.00813351121859895,0.0005569643413801297,0.14425264935615018
slow__jointAngle_61__std,Left ankle internal rotation,slow,Left,std,jointAngle_61,joint angle,,0.11118492317141201,0.033046543569383746,0.0795941415462631,-0.040916909045879496,-0.028926698463908874,-0.016891012780682717,-0.08248795943694252,-0.012173834181120278,-0.017245584116207528,0.034191550614718555
slow__jointAngle_61__min,Left ankle internal rotation,slow,Left,min,jointAngle_61,joint angle,,-0.1540157652203148,-0.020854943781869608,0.03916860105470715,0.0021884117679053247,-0.041215353168875646,0.0190989964345323,0.047771459121106655,0.005467412371868411,0.0022315855463443408,0.02951388242084827
slow__jointAngle_61__max,Left ankle internal rotation,slow,Left,max,jointAngle_61,joint angle,,0.15608265051131526,0.02743796661230587,-0.0054154255865081526,-0.04521268000770243,-0.009041964888709432,-0.00308460009713386,-0.0266525898808474,-0.0009931217975104503,-0.0044780131752263745,0.03476018191259095
slow__jointAngle_62__mean,Left ankle dorsiflexion,slow,Left,mean,jointAngle_62,joint angle,,0.014352875452561588,0.07832486496056713,-0.0509711322421051,0.11873311796799937,-0.0003503093303096284,0.08061701015309627,0.05953732981786194,0.10323067872341456,-0.018371588457112047,-0.02561549650116582
slow__jointAngle_62__std,Left ankle dorsiflexion,slow,Left,std,jointAngle_62,joint angle,,0.021558311407357856,-0.015904962848870108,0.10203007879759356,-0.11892237249341141,-0.02622383077602102,0.008753954724406418,-0.0203309088332125,0.006556009712798672,-0.02995100131397283,-0.019714697144329017
slow__jointAngle_62__min,Left ankle dorsiflexion,slow,Left,min,jointAngle_62,joint angle,,0.000806570403748726,0.03569270302834082,-0.07746779499066812,0.13982817105707085,0.05670330969727438,0.01612569934412117,0.04423158357865511,0.025421607898990194,0.022661654059467257,0.011164225101939495
slow__jointAngle_62__max,Left ankle dorsiflexion,slow,Left,max,jointAngle_62,joint angle,,0.13545308611452497,0.06017912681123663,-0.015180546675736534,0.02841258567586309,-0.011798585251610687,0.027735185807953804,0.011940923811416081,0.06141721422000547,-0.031010224107585676,-0.02535386565351214
normal__footContacts_0__mean,Foot contact signal 0,normal,,mean,footContacts_0,foot contact,,0.012581627141598625,0.005736133676455936,0.00571182723885843,0.07275017388278794,-0.07378015239874833,0.0682009398445817,-0.14994538729541873,-0.026837303650061022,0.07384412110574459,0.10755367869565437
normal__footContacts_0__std,Foot contact signal 0,normal,,std,footContacts_0,foot contact,,0.01221341812192134,0.014791127569036904,0.010614786893726642,0.04064323522205618,-0.06384762836654753,0.060416858194863865,-0.14459095001916464,-0.04929508944565506,0.03211885745203445,0.11482457631116226
normal__footContacts_1__mean,Foot contact signal 1,normal,,mean,footContacts_1,foot contact,,-0.006862541253276735,-0.03828501588585842,-0.022134334444247672,-0.1479928584831946,-0.05478314956316792,-0.04632130508757875,0.03314035151328144,-0.09447947379636576,0.10708596035043563,0.022254654743652194
normal__footContacts_1__std,Foot contact signal 1,normal,,std,footContacts_1,foot contact,,0.00543147051491112,-0.008514350097990933,0.007242846990389925,-0.11237051761339552,0.0004930358066215026,-0.06561699134423132,0.0480440398684416,-0.08120498229501964,0.05189822895213592,-0.0018465631983365064
normal__footContacts_2__mean,Foot contact signal 2,normal,,mean,footContacts_2,foot contact,,0.01667350509470277,-0.010977468628625475,0.006757518884868388,0.03634899823480779,-0.09482315235994838,0.13122773295864545,-0.10400761364432756,0.009286873564621075,0.09776662214639784,0.07502191426298746
normal__footContacts_2__std,Foot contact signal 2,normal,,std,footContacts_2,foot contact,,0.017454284891437997,-0.032471351498305455,0.024508419544315724,0.010226003440041178,-0.06318046951895127,0.14133708939819906,-0.07503066689789302,-0.005590866613994659,0.11160767707350502,0.06174497010931876
normal__footContacts_3__mean,Foot contact signal 3,normal,,mean,footContacts_3,foot contact,,0.004080882055443119,-0.021485063698805398,-0.015010761577267804,-0.12192812710367991,0.01615979698433388,-0.06388093122252089,0.026234007219277242,-0.04045253219398824,0.12050597276400135,0.020661588886748294
normal__footContacts_3__std,Foot contact signal 3,normal,,std,footContacts_3,foot contact,,0.008532166524808309,-0.025718347443480664,0.024506712328840902,-0.08353543440267643,0.07809991079189561,-0.05785179844867294,0.0461080791244819,-0.029819584066126108,0.09519985776889715,-0.024012893307625693
normal__jointAngle_42__mean,Right hip adduction,normal,Right,mean,jointAngle_42,joint angle,,0.040753304268860084,-0.09631570765720084,-0.03837490545496757,0.11653730384239493,-0.06342672140137538,-0.004249456266352468,0.0542815779174307,-0.088437288921864,0.006401523538552775,0.011768070123321045
normal__jointAngle_42__std,Right hip adduction,normal,Right,std,jointAngle_42,joint angle,,0.01617255970589744,-0.08906539109681164,0.11932939150285427,0.06872536193731969,0.01554161012581119,-0.013239424558162023,0.016659501048855805,-0.008389208272970317,0.10146236333459553,-0.08691202042621635
normal__jointAngle_42__min,Right hip adduction,normal,Right,min,jointAngle_42,joint angle,,0.02215893908896868,-0.023883681745517468,-0.11297361514303297,0.07628299082563268,-0.05012051556531495,-0.021993168126215493,0.020851237055073333,-0.05207259764552869,-0.024149604778378162,0.04713822358819198
normal__jointAngle_42__max,Right hip adduction,normal,Right,max,jointAngle_42,joint angle,,0.03302978103738186,-0.12366309046418832,0.04629537443851862,0.09501448216108707,-0.03782009133899814,0.010042684417065142,0.03060341428342093,-0.04480452450024332,0.0359301202284207,0.014533758992266669
normal__jointAngle_43__mean,Right hip internal rotation,normal,Right,mean,jointAngle_43,joint angle,,0.00012701237681574473,0.11114992653632454,0.10373306536062792,-0.02546302361291389,0.09900710521371077,0.03467651746590564,0.028725402211948147,-0.11157280556999566,-0.04358719036524163,0.07596524788396752
normal__jointAngle_43__std,Right hip internal rotation,normal,Right,std,jointAngle_43,joint angle,,-0.0055767718122700875,-0.07658196750533676,-0.0031637468931206853,-0.06284950023217897,-0.016659588430956447,0.049623456852622164,-0.04296095049431072,-0.06570026914583554,-0.10802803830990602,-0.05746022238200912
normal__jointAngle_43__min,Right hip internal rotation,normal,Right,min,jointAngle_43,joint angle,,-0.005839391031725358,0.12351780924172655,0.06696877535621507,-0.0003442888034358227,0.08706373332904066,0.016004261184594908,0.043592242858064956,-0.05847597666052893,0.037283533530430533,0.09083097451368331
normal__jointAngle_43__max,Right hip internal rotation,normal,Right,max,jointAngle_43,joint angle,,-0.000643583225794062,0.040474093001455685,0.07712758158793208,-0.03402381748873136,0.04164157621331061,0.011758389044846867,0.047027031139969554,-0.13553761118034058,-0.08573963411041144,0.11651147065585025
normal__jointAngle_44__mean,Right hip flexion,normal,Right,mean,jointAngle_44,joint angle,,0.028427734453263562,0.10901903197937363,0.09514742077276746,0.023751328967080494,-0.12643202723515992,0.0002734539518586514,0.030790240809412187,-0.04559365302204544,0.025132077065180593,-0.10734398917367005
normal__jointAngle_44__std,Right hip flexion,normal,Right,std,jointAngle_44,joint angle,,0.015819219505150146,0.07178908899953311,0.018316887588058394,-0.06937586060175478,-0.044657302826181654,0.13297571763078722,0.02419886645031105,0.012861582755360553,-0.05469208453124929,-0.022682865683402376
normal__jointAngle_44__min,Right hip flexion,normal,Right,min,jointAngle_44,joint angle,,0.02848301827056281,0.06921734413075152,0.0703968900946218,0.0630319174956077,-0.09968130953623275,-0.0705119040473294,0.025470008013581263,-0.014780366892986091,0.0478434348775213,-0.0954542998208349
normal__jointAngle_44__max,Right hip flexion,normal,Right,max,jointAngle_44,joint angle,,0.027052516555477687,0.09140257153687784,0.09080293464321482,-0.028639766201939042,-0.10291719719541503,0.10624588745160915,0.022879584773146888,-0.018549096203318453,-0.005086777883173915,-0.09942881964056731
normal__jointAngle_45__mean,Right knee adduction,normal,Right,mean,jointAngle_45,joint angle,,-0.02840914086159668,-0.06429233252953637,-0.08081556698910747,-0.08954438523668422,-0.07529831520603775,0.10320644910324521,-0.025985327665257504,0.03228079961833124,-0.09694309103587148,0.01756328604275961
normal__jointAngle_45__std,Right knee adduction,normal,Right,std,jointAngle_45,joint angle,,-0.011062434433341204,-0.051081649869263245,-0.003919160129529612,-0.006235520452517405,0.02104483186998246,-0.052386414432754255,-0.007189949105198104,0.10815043957777593,-0.09689270847209494,-0.028684826228387108
normal__jointAngle_45__min,Right knee adduction,normal,Right,min,jointAngle_45,joint angle,,-0.030111351454921283,-0.018790425888830526,-0.09025144829109434,-0.12379195568442758,-0.07538882743968836,0.10790657733982878,-0.06457087526278274,0.023584985513636546,-0.015447018406089677,-0.0054145756807162625
normal__jointAngle_45__max,Right knee adduction,normal,Right,max,jointAngle_45,joint angle,,-0.020079177637698235,-0.09235944292624901,-0.03837475407357893,-0.0783215432855556,-0.05974456846022626,0.052965290445716025,-0.07439519600983899,0.10167276018225581,-0.09766896987109172,-0.025234094238592665
normal__jointAngle_46__mean,Right knee internal rotation,normal,Right,mean,jointAngle_46,joint angle,,0.008820663184358039,0.027659640700700847,0.025574366711213395,-0.04226593375417094,0.10056477020062245,-0.01208420797538227,0.13288535607627452,0.025450784562222172,-0.019078402207344112,0.045445546160358674
normal__jointAngle_46__std,Right knee internal rotation,normal,Right,std,jointAngle_46,joint angle,,0.008606959132150599,-0.0540995745466594,0.05488647838844259,0.07564413504313906,-0.024847583076176998,-0.10396155299367288,0.03003863794943439,0.06418534049911637,-0.007425080454658352,0.10450876790244569
normal__jointAngle_46__min,Right knee internal rotation,normal,Right,min,jointAngle_46,joint angle,,0.0007328235582784746,0.07526249826837675,-0.06177265482817806,-0.05144379347551132,0.0872131757828986,0.04408904462438697,0.03770534498470846,0.004674884550144322,0.04809587168328963,-0.05967499539597025
normal__jointAngle_46__max,Right knee internal rotation,normal,Right,max,jointAngle_46,joint angle,,0.004734393363611897,-0.023341826062667267,0.05066572982689202,-0.010705893309453795,-0.0255433943622738,-0.08090619190677259,0.07801446139516122,0.017949175299133133,-0.06755461995744243,0.13785736137281213
normal__jointAngle_47__mean,Right knee flexion,normal,Right,mean,jointAngle_47,joint angle,,0.022910877138719355,-0.03428480175314575,0.042838853976164375,0.09617762645378006,0.10903494898584307,0.06691411462745496,0.13776691308600683,-0.050994015357284234,0.042701433036919687,0.0044774818601720345
normal__jointAngle_47__std,Right knee flexion,normal,Right,std,jointAngle_47,joint angle,,0.041985714130588825,-0.07078792445997893,0.041606623165755814,-0.010131611802725324,0.01452069700288246,0.053367939833650666,0.0940912817593431,0.0795977678470175,-0.03689319366322923,0.12151828584758805
normal__jointAngle_47__min,Right knee flexion,normal,Right,min,jointAngle_47,joint angle,,-0.01262955252871942,-0.03091964996409887,0.0005630356329567778,0.09867073683182744,0.09818491717107608,0.026233898116995655,0.06460977782929808,-0.1386966245362865,-0.014939039923228332,-0.030383830884917896
normal__jointAngle_47__max,Right knee flexion,normal,Right,max,jointAngle_47,joint angle,,0.0419295444896734,-0.06511873173768619,0.06260490619658098,0.06478983192792866,0.0481010602590854,0.08966286970097655,0.1293495834527368,0.032882186317384,-0.002256452251704865,0.09342745670271749
normal__jointAngle_48__mean,Right ankle adduction,normal,Right,mean,jointAngle_48,joint angle,,-0.023916961871268887,0.08265003162742035,0.002857658093097126,-0.11534206046226997,-0.016050296337198212,-0.03767316618959322,0.017876924357989193,0.16339723031389422,0.0947048581092493,-0.031112702802100836
normal__jointAngle_48__std,Right ankle adduction,normal,Right,std,jointAngle_48,joint angle,,-0.0038389492234226206,-0.05808694875915514,0.08071145492601808,0.08226793846178553,0.08037590380328673,0.020082373527916392,-0.0833276904872209,-0.010925393298483115,-0.154235613852113,-0.07525207004700726
normal__jointAngle_48__min,Right ankle adduction,normal,Right,min,jointAngle_48,joint angle,,-0.013747463924634797,0.08892096219005795,-0.050432459848844834,-0.09086916991923413,-0.04166536603588508,-0.03748781394745311,0.059554066217048035,0.07250843857165497,0.15664039287274217,0.024568934018461656
normal__jointAngle_48__max,Right ankle adduction,normal,Right,max,jointAngle_48,joint angle,,-0.029060935375897552,0.04292322368088653,0.06547783508683348,-0.05938739184423195,0.028548171174641743,-0.051790132736466085,-0.03981864404154512,0.15265303681532877,0.00260299552800681,-0.10403127166215785
normal__jointAngle_49__mean,Right ankle internal rotation,normal,Right,mean,jointAngle_49,joint angle,,0.04355934063382966,-0.08239095373096365,0.03329879626361728,-0.06310935422617779,-0.06463658347882155,0.11596175757108883,0.09943074639285157,0.03319105872084622,-0.049480892365963126,0.06497624476823256
normal__jointAngle_49__std,Right ankle internal rotation,normal,Right,std,jointAngle_49,joint angle,,0.015821514722785753,-0.05769511285609796,0.14264511456635773,0.0033889320257958185,-0.02422991291598338,-0.02979416568987244,0.0751360307161491,-0.04220628197616936,-0.05591879799521046,0.023251246931192193
normal__jointAngle_49__min,Right ankle internal rotation,normal,Right,min,jointAngle_49,joint angle,,0.028461548363729983,-0.056380862897387314,-0.005633911243807315,-0.0525685668433945,-0.011807837674786334,0.14027818070784664,0.08927862409407868,0.04897319884925291,-0.017197060928186958,0.041920245908857894
normal__jointAngle_49__max,Right ankle internal rotation,normal,Right,max,jointAngle_49,joint angle,,0.042196411801614896,-0.0830096565817181,0.10407998174606602,-0.05098070702817496,-0.04147103791095801,0.05868685596132906,0.07625092381126129,0.01189300481298992,-0.08810516450550734,0.04683750303908319
normal__jointAngle_50__mean,Right ankle dorsiflexion,normal,Right,mean,jointAngle_50,joint angle,,0.008091808657699616,0.05715138915043165,-0.05550531720042241,0.15159851651812525,0.02369031192443291,0.11028617513905477,-0.03476437299451079,-0.04642768204178303,0.07065058388470084,0.014392303427094686
normal__jointAngle_50__std,Right ankle dorsiflexion,normal,Right,std,jointAngle_50,joint angle,,-0.00010301972883092443,-0.07051666878587867,0.11960524856211242,-0.07969552934020306,-0.009005570802879583,-0.02225788459393822,0.02054192249491264,0.029526638415577695,-0.06644386406191413,-0.047009887706492365
normal__jointAngle_50__min,Right ankle dorsiflexion,normal,Right,min,jointAngle_50,joint angle,,0.004062475161415326,0.05138552634884895,-0.12397460809848047,0.08987792051192178,0.02802836254514576,0.0584440283152955,0.010640634795319966,-0.042651324661074075,0.08417053323341142,0.055598640848974736
normal__jointAngle_50__max,Right ankle dorsiflexion,normal,Right,max,jointAngle_50,joint angle,,0.03311720014503698,-0.0020571675602716884,0.05887663604420843,0.0714598787824469,0.029291733874568415,0.12445730924958698,-0.001651354733602845,-0.04438751776103045,0.08320937966290909,0.01032811681162451
normal__jointAngle_54__mean,Left hip adduction,normal,Left,mean,jointAngle_54,joint angle,,0.023687601293810864,0.034006071150116085,-0.06264769514215034,0.06414283463596944,-0.0991473193321717,-0.1307071839696663,0.09946401018430974,-0.0080757260583964,-0.09681329707967838,0.009493926868291222
normal__jointAngle_54__std,Left hip adduction,normal,Left,std,jointAngle_54,joint angle,,0.030820737729465714,-0.09396783353550607,0.1200845204773827,0.01186265267654358,-0.02283771074699558,0.006497915885714227,0.0015094806065655288,0.008335770134255776,0.15035533550651722,-0.057441562338015534
normal__jointAngle_54__min,Left hip adduction,normal,Left,min,jointAngle_54,joint angle,,-0.004595336818763371,0.0813652566718645,-0.11397798782911345,0.046264002954379255,-0.058904365741255786,-0.12348392126459465,0.05159478711508929,0.03301695083876163,-0.119461178210308,0.039105467670216
normal__jointAngle_54__max,Left hip adduction,normal,Left,max,jointAngle_54,joint angle,,0.06321761770311926,-0.056919931744231295,0.03222946808199675,0.04223911792023653,-0.08725327329858755,-0.06635205594751087,0.08035381405731577,-0.014050880195417361,0.02930032713599539,-0.03985400696052054
normal__jointAngle_55__mean,Left hip internal rotation,normal,Left,mean,jointAngle_55,joint angle,,0.0011694786329650945,0.15420928105634835,0.08413994046111713,-0.03072440986588763,0.08956858520032501,0.03436210112750138,-0.006564659882678271,-0.0425544734363976,-0.07954337241031689,0.05465680631220397
normal__jointAngle_55__std,Left hip internal rotation,normal,Left,std,jointAngle_55,joint angle,,-0.008154283667384557,-0.03926972522699368,0.032064127151125776,-0.0703566228855107,-0.052055766171141715,0.013284685629548001,0.022549149372742723,-0.08321998339778935,-0.04012327570418221,-0.02945966466751791
normal__jointAngle_55__min,Left hip internal rotation,normal,Left,min,jointAngle_55,joint angle,,-0.002511973694766018,0.1389935002519294,0.057358022205165976,0.014479784384149236,0.07354248926111233,-0.0016407972966294994,-0.012838138834650705,-0.021020468658598336,-0.03678061317621269,0.011507913062663029
normal__jointAngle_55__max,Left hip internal rotation,normal,Left,max,jointAngle_55,joint angle,,0.005463178696976941,0.0975587334561563,0.0966507827979763,-0.017889199894788006,0.059412584976455705,0.0016879590695596846,0.0544021392555975,-0.10278694667947656,-0.08515879268907607,0.06572095043533505
normal__jointAngle_56__mean,Left hip flexion,normal,Left,mean,jointAngle_56,joint angle,,0.031735791660637246,0.14234377835891626,0.0751587067424585,-0.002063049506006949,-0.12750104406555496,-0.0013044690847975782,0.05143501245154727,-0.007042326666072271,-0.02391145746606977,-0.08676890882637106
normal__jointAngle_56__std,Left hip flexion,normal,Left,std,jointAngle_56,joint angle,,0.02558455915656946,-0.04554618709756855,0.05664746094362317,-0.00620975647298138,0.06226456757862737,0.13067778556605275,-0.006500793733749024,-0.14358272327263785,0.008180370374552404,-0.06912139108712081
normal__jointAngle_56__min,Left hip flexion,normal,Left,min,jointAngle_56,joint angle,,0.02387923922082658,0.13402513782644468,0.05169099029479352,0.008980134992318931,-0.13209216634010112,-0.06243028338081827,0.02966174359806266,0.04409056650469674,0.012146104773474749,-0.05246445667494975
normal__jointAngle_56__max,Left hip flexion,normal,Left,max,jointAngle_56,joint angle,,0.038977885409917735,0.08376525417810311,0.0911846820367205,-0.02275743275967447,-0.10077306832568902,0.09854773313795259,0.013217191906156375,-0.06398736663796645,0.011393314066495856,-0.1060515855236668
normal__jointAngle_57__mean,Left knee adduction,normal,Left,mean,jointAngle_57,joint angle,,-0.03219370995683246,-0.031109209674298928,-0.07733722792688437,-0.05712249069518003,0.013352657904513936,0.13890776315285203,0.05159709983408614,-0.08170875478192713,-0.12857486943649035,-0.06270779264489505
normal__jointAngle_57__std,Left knee adduction,normal,Left,std,jointAngle_57,joint angle,,0.004218976282835567,-0.12876288699439858,-0.02910829235500816,0.007532830947590723,-0.0651320622695014,0.06650821247135158,0.08962880166186056,-0.05432298224730562,-0.06630348083265097,-0.09388587894228863
normal__jointAngle_57__min,Left knee adduction,normal,Left,min,jointAngle_57,joint angle,,-0.05094460914866662,0.015754953550025597,-0.11163053956915364,-0.08979546182952217,0.025141361120144205,0.041067005064423276,-0.03658415379945664,-0.023066137489950744,-0.01816860727128206,-0.03477372165463363
normal__jointAngle_57__max,Left knee adduction,normal,Left,max,jointAngle_57,joint angle,,0.0023771628072359907,-0.1294742621960373,-0.04475478566438501,-0.021938625438442678,-0.047585248090132405,0.07018158142600987,0.0888465311608777,-0.05880843186832094,-0.08260364243940112,-0.08636852018342893
normal__jointAngle_58__mean,Left knee internal rotation,normal,Left,mean,jointAngle_58,joint angle,,-0.018724338022925842,0.0913084133478146,0.03838898691301134,-0.05794387718241557,0.1295853343307519,0.06674530136375664,-0.02618295952523202,0.030599297260340275,-0.011121231424446336,0.0868054866882309
normal__jointAngle_58__std,Left knee internal rotation,normal,Left,std,jointAngle_58,joint angle,,0.03170566508130116,-0.05080796039616968,0.10799542996811538,0.022999020345083505,-0.03619995643001308,-0.10715879424366352,0.02067644404396823,0.003086395298910902,0.005825757575172965,0.13491031597807354
normal__jointAngle_58__min,Left knee internal rotation,normal,Left,min,jointAngle_58,joint angle,,-0.03373420624307046,0.08693180205016139,-0.06973484222034816,-0.024677612243538396,0.06225603280410168,0.07454911902934581,-0.024509650898109726,0.03145175055611565,0.04756795506214532,-0.10366554630766689
normal__jointAngle_58__max,Left knee internal rotation,normal,Left,max,jointAngle_58,joint angle,,0.01566926851030747,-0.04554693428397997,0.13198468473538505,0.02039276597281964,-0.01400515826524484,-0.07329890744396926,-0.009459551201662277,-0.06246550836794104,-0.0211937382281223,0.08183142377062201
normal__jointAngle_59__mean,Left knee flexion,normal,Left,mean,jointAngle_59,joint angle,,0.029806510931725785,0.06976666325163632,0.015422672939943404,0.013769072821052386,0.036858997308427434,0.0795358545716508,0.1889406521807731,0.03350857388973433,-0.047515122756069415,0.00012190245021341558
normal__jointAngle_59__std,Left knee flexion,normal,Left,std,jointAngle_59,joint angle,,0.03983233984627368,-0.097534529271061,0.04814905314891028,0.03627553037570738,0.09114536636675453,0.06909469563660728,-0.0007675523496678971,0.051661688078342,0.05542281672596335,0.05856134642206085
normal__jointAngle_59__min,Left knee flexion,normal,Left,min,jointAngle_59,joint angle,,-0.019418654126949948,0.08492714433091986,-0.07448854556034731,-0.0017419170625568767,-0.003749694872313644,0.0310815660690709,0.12539910042936767,-0.0022510324482162207,-0.0728756996816496,0.024447983763051497
normal__jointAngle_59__max,Left knee flexion,normal,Left,max,jointAngle_59,joint angle,,0.052046322780770586,-0.0322739688280718,0.054973279314276015,0.04330483283246493,0.09570260159889044,0.09475228869033292,0.08899952514703123,0.058641528362064196,0.009157544508433962,0.040369549866577426
normal__jointAngle_60__mean,Left ankle adduction,normal,Left,mean,jointAngle_60,joint angle,,-0.015197639025644742,-0.060149446600851864,0.05358271869835269,-0.0543577080750824,0.12486149687400722,0.0393798484349864,0.03604500645816925,0.0824115143341344,0.10252529529158824,-0.054630930251326246
normal__jointAngle_60__std,Left ankle adduction,normal,Left,std,jointAngle_60,joint angle,,-0.012708035278107549,0.01173187970408044,0.0727412198338039,0.03904253820276958,0.05937211987181786,-0.012212506848968782,-0.09632719570184382,0.04852282012535225,-0.14611000621390524,-0.10023576337930235
normal__jointAngle_60__min,Left ankle adduction,normal,Left,min,jointAngle_60,joint angle,,-0.009315613040079041,-0.005118690907095595,-0.033744511588026486,-0.060418718062983684,0.04866052210746839,0.03553615794160079,0.10200208454543933,-0.0008740479841921822,0.1511987356267969,0.001953335667532953
normal__jointAngle_60__max,Left ankle adduction,normal,Left,max,jointAngle_60,joint angle,,-0.009255584634635763,-0.057851607958991136,0.11144887143424824,0.006734920547903943,0.14408876575857738,-0.004905504762846403,0.011076266801470098,0.053279134589962376,0.061108112940899406,-0.04970192403155964
normal__jointAngle_61__mean,Left ankle internal rotation,normal,Left,mean,jointAngle_61,joint angle,,0.029290966389028655,0.003767458189003977,0.016313240680852468,-0.07074507693930462,-0.09439488673305685,0.050857213507053474,0.0593568044417564,0.0032414441418755937,0.019008804170362038,0.15166554510285765
normal__jointAngle_61__std,Left ankle internal rotation,normal,Left,std,jointAngle_61,joint angle,,0.017688688776401503,0.03397019282866798,0.13473721237231567,-0.0384458954659859,-0.0834660699723689,-0.03410416644857387,-0.07655296213944977,-0.02615036204512663,-0.030823170301518595,0.06460938800264768
normal__jointAngle_61__min,Left ankle internal rotation,normal,Left,min,jointAngle_61,joint angle,,0.01661697640909115,0.03457035262344072,-0.04462046303031027,-0.06054335884482557,-0.08320049587454105,0.02565386114446598,0.09462041551217053,0.06652757251582687,0.04210626252390843,0.08547791511610349
normal__jointAngle_61__max,Left ankle internal rotation,normal,Left,max,jointAngle_61,joint angle,,0.031672185462973214,0.0108843564237684,0.10657737114053337,-0.06123538061326318,-0.10446317823845686,-0.018966476348534874,-0.007372544344298004,-0.001259775684099487,-0.037769585857133206,0.12780066651590763
normal__jointAngle_62__mean,Left ankle dorsiflexion,normal,Left,mean,jointAngle_62,joint angle,,0.0018265308436562517,0.1085432485463315,-0.07357078431495177,0.10867498983514236,-0.014002533778211784,0.05029968080260334,0.03538612387209749,0.017738449013479235,-0.051030605961316235,-0.02362950105457756
normal__jointAngle_62__std,Left ankle dorsiflexion,normal,Left,std,jointAngle_62,joint angle,,-0.003019779123133238,-0.052557339727174725,0.12721361621236865,-0.08749594233469705,-0.023421095181998808,0.01090423647505945,-0.010898506755767553,0.040537892404209595,-0.022073656453070606,-0.0029943488607191127
normal__jointAngle_62__min,Left ankle dorsiflexion,normal,Left,min,jointAngle_62,joint angle,,-0.0020161880606440617,0.04705244033170079,-0.11503494369045458,0.09622647676521708,0.0603227647418345,-0.003938814717100708,0.05730966932908717,-0.006090211720353971,0.010899636961902052,0.017349841041517586
normal__jointAngle_62__max,Left ankle dorsiflexion,normal,Left,max,jointAngle_62,joint angle,,0.020202221132469438,0.051480961674082046,0.021120108346878993,0.053616639389084085,-0.03773603206351179,0.08490471263906785,0.04994722287740076,0.08289845966142806,-0.06323646834942623,-0.004766216455665908
fast__footContacts_0__mean,Foot contact signal 0,fast,,mean,footContacts_0,foot contact,,0.01069336462882904,-0.014186287558525204,0.01961869040446447,0.05558175947177937,-0.0639835912372906,0.11776713313273486,-0.14761909066578977,-0.01885601471883688,0.05739619569127008,0.11859030179037935
fast__footContacts_0__std,Foot contact signal 0,fast,,std,footContacts_0,foot contact,,0.014396628011375603,-0.007826827148123602,0.02230319548077067,0.029619013071136402,-0.07046947790972456,0.09321451810551258,-0.14326569960344157,-0.03551307111165917,0.04607857244773325,0.12112939403697424
fast__footContacts_1__mean,Foot contact signal 1,fast,,mean,footContacts_1,foot contact,,-0.007419132016661003,-0.02632118282176475,-0.016357708290959342,-0.1515147420455419,-0.024766742224355758,-0.05368680971925374,0.004757994446389065,-0.14642822518772478,0.05821952045152087,0.026643536903042442
fast__footContacts_1__std,Foot contact signal 1,fast,,std,footContacts_1,foot contact,,-0.0015999747757157088,0.0010633289852750474,-0.012663963106289372,-0.12467093451463443,0.012034399515687058,-0.07485766382857313,0.015278128772005945,-0.1821784785360144,0.014063020452925207,-0.017529881451195477
fast__footContacts_2__mean,Foot contact signal 2,fast,,mean,footContacts_2,foot contact,,0.00986724242243912,-7.210348521435833e-05,0.026303674540318695,0.014056541778182045,-0.09842717844893065,0.16185287801074708,-0.12159324665998719,-0.0005051144115965801,0.06721431343256436,0.058536316887744175
fast__footContacts_2__std,Foot contact signal 2,fast,,std,footContacts_2,foot contact,,0.01762468032645191,-0.019070490808881874,0.035205646287497276,-0.002403968655689964,-0.09786039535098381,0.14427305112766267,-0.10809087588513973,-0.0010120205417321086,0.09561445367949564,0.05551743820326253
fast__footContacts_3__mean,Foot contact signal 3,fast,,mean,footContacts_3,foot contact,,0.0023906424784614646,-0.021600509784797516,-0.015384236555577586,-0.12553607341343556,0.0217983414025933,-0.07524176367622479,0.03476951543440665,-0.11271058708319484,0.09461464483905056,0.030292976692270192
fast__footContacts_3__std,Foot contact signal 3,fast,,std,footContacts_3,foot contact,,-0.00018802015465385974,-0.013035379476821384,-0.006568830382555676,-0.12079664914821739,0.04391283204382741,-0.08118605834108919,0.03982809143488863,-0.13646684487304914,0.0639849626012149,-0.01629349326959346
fast__jointAngle_42__mean,Right hip adduction,fast,Right,mean,jointAngle_42,joint angle,,0.03520424148881715,-0.09097126305080833,-0.0326305170055957,0.10038168401711497,-0.08517345339779243,0.010208679802093435,0.06243557054190685,-0.088148554637924,0.02608774871409862,-0.009382504688304903
fast__jointAngle_42__std,Right hip adduction,fast,Right,std,jointAngle_42,joint angle,,0.006505617956802174,-0.08310358968321037,0.11947274876483922,0.06489265804053762,0.008189921800155387,-0.02603319275579768,0.018010732094217743,0.006362398436585738,0.06707806912673735,-0.08824703857864183
fast__jointAngle_42__min,Right hip adduction,fast,Right,min,jointAngle_42,joint angle,,0.0325667104110389,-0.029715790302121178,-0.1003252868661505,0.0915095555988843,-0.06922974926713757,-0.007312295826066647,0.06012280393566095,-0.07447571997534776,-0.0030010896355229144,0.030390106154363127
fast__jointAngle_42__max,Right hip adduction,fast,Right,max,jointAngle_42,joint angle,,0.015276214365237172,-0.10254190326560603,0.057426112984025494,0.06402702026349238,-0.0469093822061788,0.022279493318425797,-0.012531996442590832,-0.048383286422984555,0.03034686060837395,-0.05297440622140345
fast__jointAngle_43__mean,Right hip internal rotation,fast,Right,mean,jointAngle_43,joint angle,,-0.012498770905911132,0.10098979425695195,0.10180513476698103,-0.010571410236309583,0.09372660156363806,0.022921753826713465,0.013301393903427779,-0.12484114339409441,-0.028662539407442313,0.05535502906241783
fast__jointAngle_43__std,Right hip internal rotation,fast,Right,std,jointAngle_43,joint angle,,-0.01709610017297208,-0.07500129737931968,0.00014789966521012413,-0.014043270331221668,0.007140511639208696,0.03065293626431625,-0.03751058726545979,-0.044405482616474985,-0.11338266620612901,-0.059089069116407246
fast__jointAngle_43__min,Right hip internal rotation,fast,Right,min,jointAngle_43,joint angle,,0.0014216765478556339,0.113676034265076,0.05483930974728021,-0.0001489838366244345,0.05969435390513042,0.005094072676817321,0.02255488815066177,-0.09240467422786139,0.023152305085012058,0.08653697917510812
fast__jointAngle_43__max,Right hip internal rotation,fast,Right,max,jointAngle_43,joint angle,,-0.02270422984606429,0.025708673294626803,0.08568883372572078,0.017549704448659734,0.06949823683433971,0.013632859790549161,0.016029876488964086,-0.14544715978098852,-0.08064897061836923,0.08384266750115915
fast__jointAngle_44__mean,Right hip flexion,fast,Right,mean,jointAngle_44,joint angle,,-0.0004742824145781923,0.10771245759133173,0.10088966924719993,0.022347349451575366,-0.13729176109859972,0.006607159357944074,0.03484056885305472,-0.02448349614791351,0.04224419340139445,-0.09974396281925173
fast__jointAngle_44__std,Right hip flexion,fast,Right,std,jointAngle_44,joint angle,,-0.0018657870636615147,0.07590668091804116,0.01129966177937867,-0.08855041263261101,-0.06343281330970006,0.12727148171592956,0.016097959296289596,-0.00460587505281502,0.0033151110057860617,-0.021501074188754712
fast__jointAngle_44__min,Right hip flexion,fast,Right,min,jointAngle_44,joint angle,,0.012975119936583316,0.07142105448390886,0.08717658807706233,0.0792462420799404,-0.11504436584518152,-0.04311992148623928,0.03525973597706996,-0.0017692432019420874,0.049467130127386474,-0.1100595671077262
fast__jointAngle_44__max,Right hip flexion,fast,Right,max,jointAngle_44,joint angle,,-0.011123705119616542,0.07059247070635916,0.06940833280536024,-0.05813630492229021,-0.0917021537206157,0.1430815782823953,-0.0015309551072573836,-0.03700958524289522,0.025654469281838566,-0.09263028698408733
fast__jointAngle_45__mean,Right knee adduction,fast,Right,mean,jointAngle_45,joint angle,,-0.024574786950478093,-0.07426997490485371,-0.06621888842944944,-0.08549476489725678,-0.07502891456899213,0.07782879356070706,0.003226647327568491,0.10429158016705876,-0.06292824458487596,0.043130199323150605
fast__jointAngle_45__std,Right knee adduction,fast,Right,std,jointAngle_45,joint angle,,-0.005740866254830289,-0.05328690704876522,0.004210391745169266,0.021261518959312102,0.0299429628615479,-0.09652513520149507,-0.0002959432281506128,0.12142784673945828,-0.0946659469932104,0.0011129183303272188
fast__jointAngle_45__min,Right knee adduction,fast,Right,min,jointAngle_45,joint angle,,-0.023184715358356416,0.008543667091164425,-0.09804845562012124,-0.1330474592830988,-0.05681599704707737,0.09752372877436404,-0.046226065380054374,0.027734947974565008,0.006866174248456578,-0.0415173346498166
fast__jointAngle_45__max,Right knee adduction,fast,Right,max,jointAngle_45,joint angle,,-0.019439879015877008,-0.09191752934101219,-0.022982546243691723,-0.06163565654813535,-0.030250359129309737,-0.018351611414782625,-0.08532125474723506,0.13799205243679197,-0.10406193309509139,0.011326513990440192
fast__jointAngle_46__mean,Right knee internal rotation,fast,Right,mean,jointAngle_46,joint angle,,0.0058561632959483224,-0.00025834330497083213,0.013994607347349511,-0.06889072626646722,0.0636970717292666,0.004587916927604059,0.13149721756088317,0.06124199230246091,-0.019853934184935237,0.04670382787601807
fast__jointAngle_46__std,Right knee internal rotation,fast,Right,std,jointAngle_46,joint angle,,0.008796749174728955,-0.06187829553618531,0.05730687531028498,0.08733658078116026,-0.01678677583879611,-0.08964681128585414,0.03449706032218845,0.07892179212922973,-0.02966551104034331,0.12137153992486283
fast__jointAngle_46__min,Right knee internal rotation,fast,Right,min,jointAngle_46,joint angle,,-0.006107105159919988,0.05513629692965675,-0.07210320615778244,-0.07630776434621137,0.045999046204504825,0.03140211178274326,0.04486155369296499,-0.002283639475795011,0.04203561326925706,-0.07737343497217315
fast__jointAngle_46__max,Right knee internal rotation,fast,Right,max,jointAngle_46,joint angle,,-0.0011796396854052828,-0.062329433064659955,0.04831951706362764,-0.009833947431749595,0.00857107083198282,-0.06615017288924327,0.01926921002489487,0.08603231043727351,-0.045051241694627896,0.13627770172109144
fast__jointAngle_47__mean,Right knee flexion,fast,Right,mean,jointAngle_47,joint angle,,0.02819546147755914,-0.03118736505291242,0.016437726619364882,0.12022222526262086,0.07620315717348339,0.023433471028725093,0.17366207132163503,-0.01130407499857248,0.04207639264116245,0.0038587057361484513
fast__jointAngle_47__std,Right knee flexion,fast,Right,std,jointAngle_47,joint angle,,0.053230308846681576,-0.047919047205355225,0.04680794734445226,0.012994778616664671,0.00812934157359383,0.02659172652728993,0.08999588511366363,0.08141148708476424,-0.0495924396561673,0.11353283161429055
fast__jointAngle_47__min,Right knee flexion,fast,Right,min,jointAngle_47,joint angle,,-0.004397348943099612,-0.0322142395607346,0.009950203573566197,0.10444198153523492,0.0841440023482688,0.04085634591748256,0.07528838549564626,-0.13402296006337794,0.014439479634545924,-0.03604052751950577
fast__jointAngle_47__max,Right knee flexion,fast,Right,max,jointAngle_47,joint angle,,0.04226634622512698,-0.05725273180521059,0.051288350136501064,0.06530090788220827,0.04561352372548823,0.08423014290495529,0.11395961185879144,0.029458680136372907,0.0009035827325426864,0.07074937340980117
fast__jointAngle_48__mean,Right ankle adduction,fast,Right,mean,jointAngle_48,joint angle,,-0.024478615818058987,0.07726139028953362,0.009137400854076282,-0.10324738667115864,0.00995157957549762,-0.01634247305337549,0.04248062594599544,0.1799769424991032,0.07014414260240909,-0.02734624518158263
fast__jointAngle_48__std,Right ankle adduction,fast,Right,std,jointAngle_48,joint angle,,-0.01020429248776426,-0.04870385810349021,0.09585308805286642,0.06260435565450184,0.07283020687336325,0.005418996832637026,-0.09977907289276795,0.02392578422044014,-0.14834542758242475,-0.0799767340386464
fast__jointAngle_48__min,Right ankle adduction,fast,Right,min,jointAngle_48,joint angle,,-0.0222611583344438,0.08079012753357907,-0.05346336814274088,-0.07458689169080404,-0.03604705555256932,-0.043767925469490446,0.08599534432080648,0.05084400621832087,0.13023552314789974,0.016660618193690833
fast__jointAngle_48__max,Right ankle adduction,fast,Right,max,jointAngle_48,joint angle,,-0.03541668177845831,0.028105999364652856,0.05735822835210016,-0.06285252659851741,0.025432664341141786,-0.002806290250272057,-0.026558928320038803,0.20246426070064433,-0.0032145671331447866,-0.08550617869778504
fast__jointAngle_49__mean,Right ankle internal rotation,fast,Right,mean,jointAngle_49,joint angle,,0.044895016373258434,-0.07546285361912801,0.01816041214613159,-0.053751900228077756,-0.07280817180417984,0.10223205571419114,0.11347008864383049,0.03340217701144915,-0.0481402687405683,0.07558841084019352
fast__jointAngle_49__std,Right ankle internal rotation,fast,Right,std,jointAngle_49,joint angle,,0.006913073025901481,-0.0866073897216447,0.14172573775073347,0.0336452455570725,-0.03398426883499521,-0.013645023595437341,0.05408761146359801,-0.03727192015202963,-0.0572662631616157,-0.003598328385636206
fast__jointAngle_49__min,Right ankle internal rotation,fast,Right,min,jointAngle_49,joint angle,,0.038490427429436785,-0.04831381663128028,-0.02997408762288916,-0.06084221623840973,-0.02943126238568811,0.11342134511762564,0.11199278406394765,0.043775585589497255,-0.022282916968682582,0.06266168457748919
fast__jointAngle_49__max,Right ankle internal rotation,fast,Right,max,jointAngle_49,joint angle,,0.03316510630088951,-0.0823820431367181,0.10132870415330028,-0.02664057506908618,-0.05513065818253623,0.06555020343882197,0.07221290900525795,0.02179742902803413,-0.08060038137160817,0.03352252034531904
fast__jointAngle_50__mean,Right ankle dorsiflexion,fast,Right,mean,jointAngle_50,joint angle,,0.015169232443185259,0.04635063154240828,-0.030604820283767244,0.13313176323640996,-0.021044894084917446,0.16392084949930197,-0.01575662462117517,0.009479038541813967,0.056772437916379176,0.010234082027131578
fast__jointAngle_50__std,Right ankle dorsiflexion,fast,Right,std,jointAngle_50,joint angle,,-0.004989103443795275,-0.06705494308854974,0.11910400713289226,-0.04023561456284845,-0.00013698261216787925,-0.03170862621354492,0.0037603177577513617,0.08499930658699872,-0.05576502067672157,-0.054106690958475714
fast__jointAngle_50__min,Right ankle dorsiflexion,fast,Right,min,jointAngle_50,joint angle,,0.015515269179394347,0.0637991460475634,-0.10906079866462871,0.08238025703405583,-0.0054728582925912305,0.05049929714590787,0.032037606085740536,-0.07596338611046198,0.06904845351606693,0.04783705388730165
fast__jointAngle_50__max,Right ankle dorsiflexion,fast,Right,max,jointAngle_50,joint angle,,0.009484769413723683,-0.006832916913206601,0.035985133785101084,0.08074727491300897,-0.0067051169232970696,0.1393574744296163,0.019075889440787443,0.04689805199245301,0.003085651492780613,0.0306551176576565
fast__jointAngle_54__mean,Left hip adduction,fast,Left,mean,jointAngle_54,joint angle,,0.02605490334847394,0.019250763253581764,-0.05329561439676414,0.08381532140676022,-0.10003450223849125,-0.1289342590013717,0.10839205864578214,-0.002924449085616077,-0.06899048012710868,0.011193445525856431
fast__jointAngle_54__std,Left hip adduction,fast,Left,std,jointAngle_54,joint angle,,0.018847709541499454,-0.0914639079156616,0.14070758266442923,0.009517478122998363,-0.016016101980293355,-0.019796495089797035,0.002608928735647994,0.016370009457502364,0.10160715543248093,-0.06457897700931824
fast__jointAngle_54__min,Left hip adduction,fast,Left,min,jointAngle_54,joint angle,,0.0014740336267791095,0.059475357211191515,-0.11872231799251928,0.06656769306134719,-0.052021545349542654,-0.13211324401666527,0.06484125301409793,0.04203515773341031,-0.052030357833988024,0.06052495112626066
fast__jointAngle_54__max,Left hip adduction,fast,Left,max,jointAngle_54,joint angle,,0.013910426951568773,-0.05198242650135512,0.06550842721672917,0.03407938195445951,-0.08747051393785668,-0.04975462409393733,0.014857265340069738,-0.01886348656830818,-0.022433696012158832,-0.06232016053433461
fast__jointAngle_55__mean,Left hip internal rotation,fast,Left,mean,jointAngle_55,joint angle,,-0.005574194545685038,0.14747860404765648,0.06931763456774753,-0.02919306911085767,0.07150102104235,0.04802250258958327,-0.017589984663192823,-0.04173062945546903,-0.09761617320942215,0.04014977107543409
fast__jointAngle_55__std,Left hip internal rotation,fast,Left,std,jointAngle_55,joint angle,,-0.02100241276931214,-0.0557633567254071,0.028856471864652435,-0.05285658869132231,-0.023784460203942835,0.03127776972442943,-0.006038065807561203,-0.0974110705081586,-0.07094350680339356,-0.04437128342978165
fast__jointAngle_55__min,Left hip internal rotation,fast,Left,min,jointAngle_55,joint angle,,0.006320164469114742,0.14704852255860185,0.025025483564151057,-0.010070228868407735,0.04074719470250043,0.011957467534451358,0.01203372113440212,-0.01276006914695516,-0.02993611225761349,0.0378032703075042
fast__jointAngle_55__max,Left hip internal rotation,fast,Left,max,jointAngle_55,joint angle,,-0.018013526635329655,0.09177743110727626,0.07108410823982785,-0.04175107769941421,0.048353390590336276,0.03492341890201504,-0.022362489887199986,-0.05162252408890436,-0.16140018076120888,0.040626765193944425
fast__jointAngle_56__mean,Left hip flexion,fast,Left,mean,jointAngle_56,joint angle,,0.009130014763520732,0.1414655710605967,0.09651370469797164,0.010760648025263192,-0.11667469752703996,0.0032115359671470675,0.053565093154354086,0.014978631482891925,-0.0071075491616895015,-0.08782979831015146
fast__jointAngle_56__std,Left hip flexion,fast,Left,std,jointAngle_56,joint angle,,0.012776319017815436,-0.027083847692486555,0.07174255225903638,-0.015207756576109788,0.05123684290561158,0.1269579616203217,-0.007612755963046835,-0.11732141814492651,0.043456433611582336,-0.08001789838434728
fast__jointAngle_56__min,Left hip flexion,fast,Left,min,jointAngle_56,joint angle,,0.008246141433206573,0.140381708473406,0.06014755907187796,0.009383647551893404,-0.13379860098736784,-0.03360794286966109,0.047577764599289314,0.056912945460286225,-0.004546302493501474,-0.05175171792803977
fast__jointAngle_56__max,Left hip flexion,fast,Left,max,jointAngle_56,joint angle,,0.009994257335260603,0.06772871030936448,0.10981154435001449,-0.03819930945245074,-0.07901020416552042,0.11961690733636192,0.017456065787925284,-0.05084648100323443,0.015553081859652098,-0.09846639028923704
fast__jointAngle_57__mean,Left knee adduction,fast,Left,mean,jointAngle_57,joint angle,,-0.03857432037471769,-0.04812664926825398,-0.07517824892437402,-0.0672858363071868,0.01955467443978743,0.12465763636230942,0.05179171971436313,-0.03178721652517602,-0.11668174703023766,-0.05963320711755597
fast__jointAngle_57__std,Left knee adduction,fast,Left,std,jointAngle_57,joint angle,,0.0060326726495624735,-0.1191750153586572,-0.02972757702509163,0.01955867916983242,-0.06470626804789736,0.026031011213660034,0.08896322372031429,-0.0256781077399613,-0.06780328054668769,-0.11616491464327079
fast__jointAngle_57__min,Left knee adduction,fast,Left,min,jointAngle_57,joint angle,,-0.04483502545383214,0.00287442006490917,-0.1063674678586597,-0.08235668745978864,0.030107732256089714,0.07905676201263989,-0.071984396476102,-0.04171314121146424,-0.021088814466201134,-0.04388817913749854
fast__jointAngle_57__max,Left knee adduction,fast,Left,max,jointAngle_57,joint angle,,-0.004486892632648214,-0.12450437005256998,-0.05194059111331088,-0.021114087438652965,-0.04344790109934072,0.03407542108633081,0.06248395788628893,-0.0367872820946902,-0.09392294772593174,-0.10226245994826949
fast__jointAngle_58__mean,Left knee internal rotation,fast,Left,mean,jointAngle_58,joint angle,,-0.01699473257280588,0.07197464427470796,0.045590188537079884,-0.08163584332147542,0.122862638100891,0.08632642632691355,-0.029833684310692474,0.042999299599223086,-0.00322267547086819,0.054721862027340785
fast__jointAngle_58__std,Left knee internal rotation,fast,Left,std,jointAngle_58,joint angle,,0.024745036956368805,-0.03963359205786211,0.10211766479424841,0.037752776356294586,-0.0395713339933634,-0.09945960985179413,0.036276020978207354,0.009672870402471887,-0.029704372330396224,0.13556544003009627
fast__jointAngle_58__min,Left knee internal rotation,fast,Left,min,jointAngle_58,joint angle,,-0.030242045265681985,0.06407313270440305,-0.08528881321263881,-0.023826321301398105,0.06553599033957008,0.07607854720771681,-0.003903282824526006,0.0037919057871917414,0.029850916940297716,-0.10920994346083372
fast__jointAngle_58__max,Left knee internal rotation,fast,Left,max,jointAngle_58,joint angle,,0.0066090084700126915,-0.04098225575137927,0.12985351166173414,-0.01612117863633873,0.0314954477550062,-0.029432045196372273,-0.04564058490678576,-0.02508297065294925,-0.038825275486899076,0.10669635353881231
fast__jointAngle_59__mean,Left knee flexion,fast,Left,mean,jointAngle_59,joint angle,,0.02709369937662718,0.08376583938745871,0.013973201561792393,0.04778092280144512,0.03997729526724998,0.013373751060152199,0.1946172186801826,0.07216016458731694,-0.04121742101442621,-0.02034940918659065
fast__jointAngle_59__std,Left knee flexion,fast,Left,std,jointAngle_59,joint angle,,0.04594622870408906,-0.0890257967205589,0.0035160199882154908,0.03303074629036178,0.08782843650244414,0.008360179828810526,0.001299947499186396,0.04135081274666582,0.04966146227495092,0.059899785385681845
fast__jointAngle_59__min,Left knee flexion,fast,Left,min,jointAngle_59,joint angle,,-0.00955824553997766,0.08937713334698812,-0.04793893555883743,0.029090273839766333,-0.009995736752443257,0.023331614562566803,0.1318002450838382,0.0009753184883459359,-0.0800158180734904,0.015268392282625956
fast__jointAngle_59__max,Left knee flexion,fast,Left,max,jointAngle_59,joint angle,,0.05709690264908793,-0.01013033257237601,0.029520829152290824,0.04172505494124307,0.10455536632640776,0.05526872134548028,0.08790245277344334,0.045893574657302066,0.028355183397691663,0.03350588313730488
fast__jointAngle_60__mean,Left ankle adduction,fast,Left,mean,jointAngle_60,joint angle,,-0.014874028317331176,-0.05106218631664536,0.06073827036949473,-0.05598481977331897,0.11534615746372087,0.022936615400631924,0.026614848501507506,0.10004418665836039,0.08769988711291642,-0.04590220773778475
fast__jointAngle_60__std,Left ankle adduction,fast,Left,std,jointAngle_60,joint angle,,-0.007410408962067582,-0.02621837653818965,0.08219820513271026,0.04593756975279681,0.0721116122020117,0.009330293672107887,-0.05809920616626002,0.03330054018525027,-0.14265013522379874,-0.11140867218000253
fast__jointAngle_60__min,Left ankle adduction,fast,Left,min,jointAngle_60,joint angle,,-0.004746776262588571,0.0012019888605375416,-0.021706755868065353,-0.06718405740115102,0.036598905196679514,0.04733350399321634,0.0858746473746981,0.03618846611368172,0.14735532957630793,0.02332294044113167
fast__jointAngle_60__max,Left ankle adduction,fast,Left,max,jointAngle_60,joint angle,,-0.01427445908240409,-0.06433301008042257,0.09518675337156668,-0.03469147111960947,0.12165587760101289,0.03398278659694508,0.028277065534419783,0.06125979476374948,0.026621696535571823,-0.0692403441583826
fast__jointAngle_61__mean,Left ankle internal rotation,fast,Left,mean,jointAngle_61,joint angle,,0.04999786204272325,-0.0044121350327614205,0.012618824317253276,-0.06482037155262964,-0.08836549283900154,0.05673219978567583,0.05700303274983733,0.024534835833879748,0.04933908054288832,0.1276367214062463
fast__jointAngle_61__std,Left ankle internal rotation,fast,Left,std,jointAngle_61,joint angle,,-0.02148083166616561,0.022367275890130513,0.12381106584487805,-0.0031187788997375427,-0.07675312964920888,-0.03208343762212671,-0.06855945499384608,-0.03042545169423446,-0.0390344049319689,0.08036648450780451
fast__jointAngle_61__min,Left ankle internal rotation,fast,Left,min,jointAngle_61,joint angle,,0.04912556028102623,0.037443965050506324,-0.06595118160257651,-0.06073764354079318,-0.08319575578271649,0.05829965994482588,0.07405083161068857,0.0429262324622517,0.048397861496862635,0.07568718998360863
fast__jointAngle_61__max,Left ankle internal rotation,fast,Left,max,jointAngle_61,joint angle,,0.029479786906920654,0.007366408239853527,0.09590684933179296,-0.04894599163608419,-0.10647757641252797,-0.00958319719400612,-0.013422986127484358,0.02995417286062382,0.008363216648889848,0.13316866154236717
fast__jointAngle_62__mean,Left ankle dorsiflexion,fast,Left,mean,jointAngle_62,joint angle,,0.006315869607578349,0.08012881610378768,-0.01397654026193978,0.13230752489138728,-0.01439205720297139,0.11909508415030257,0.01801019013721424,0.09419704403796007,-0.03918384514750257,0.005666081352667741
fast__jointAngle_62__std,Left ankle dorsiflexion,fast,Left,std,jointAngle_62,joint angle,,-0.015885567657420246,-0.06630434945125417,0.10982918690659252,-0.06576702129043373,0.0042321625254867585,-0.015202445398008213,-0.0061108515205136665,0.08790227661061507,0.01730086879793693,-0.04258289749956224
fast__jointAngle_62__min,Left ankle dorsiflexion,fast,Left,min,jointAngle_62,joint angle,,0.006238857854372027,0.059049624493966564,-0.10916236944090987,0.09265851743828635,0.01965645125516135,0.026331837510889335,0.04518839786134446,-0.02896544504781749,-0.020365637427148735,0.07251935669062123
fast__jointAngle_62__max,Left ankle dorsiflexion,fast,Left,max,jointAngle_62,joint angle,,0.007332871844692344,0.01483973572335669,0.018391871035117913,0.06898264577443736,-0.01161303372558301,0.12134740529866296,0.021725540366629284,0.1308081027275454,-0.03516669684574682,0.024492764632107398
